lo_id,thang,muc_dich,vu_id,dot_thu_id,cay_trong,pha_sinh_truong,ndvi,nguon_ndvi,ndmi,so_ngay_co_anh_quang,vh_db,che_phu_uoc_pct,t_khong_khi_max_c,t_khong_khi_min_c,t_be_mat_uoc_c,mua_mm,mua_hieu_qua_mm,et0_mm,kc,etc_mm,thieu_nuoc_mm,nuoc_tuoi_can_m3,nguon_khi_hau,nguon_cay_trong
L01,2025-08,canh_tac,L01-2025-CUC,,Cúc chi,dev,0.3665,quan_trac,-0.15,2,-13.8,8.3,33.5,23.0,41.8,422.4,167.2,56.7,1.05,59.5,0.0,0.0,that,mau
L01,2025-09,canh_tac,L01-2025-CUC,,Cúc chi,mid,0.7013,quan_trac,0.199,1,-13.38,54.0,34.8,23.0,38.9,454.7,170.5,104.2,1.05,109.4,0.0,0.0,that,mau
L01,2025-10,canh_tac,L01-2025-CUC,L01-2025-CUC,Cúc chi,end,0.7384,quan_trac,0.1912,1,-12.6,61.5,32.8,17.2,36.3,247.1,149.4,94.0,0.75,70.5,0.0,0.0,that,mau
L01,2025-11,canh_tac,L01-2025-CUC,L01-2025-CUC,Cúc chi,end,0.3548,quan_trac,-0.1269,3,-13.96,7.5,29.0,11.8,37.3,97.5,82.3,78.3,0.75,58.7,0.0,0.0,that,mau
L01,2025-12,canh_tac,,,Đất trống / nghỉ,,0.3145,quan_trac,-0.1865,1,-15.94,4.8,28.3,12.5,36.9,78.1,68.3,67.4,0.3,20.2,0.0,0.0,that,mau
L01,2026-01,canh_tac,,,Đất trống / nghỉ,,0.2786,noi_suy,,0,-16.6,2.9,27.0,9.7,35.7,33.5,31.7,69.7,0.3,20.9,0.0,0.0,that,mau
L01,2026-02,canh_tac,L01-2026-LAC,,Lạc (đậu phộng),ini,0.2786,noi_suy,,0,-17.2,2.9,29.0,11.9,37.7,38.2,35.9,58.0,0.4,23.2,0.0,0.0,that,mau
L01,2026-03,canh_tac,L01-2026-LAC,,Lạc (đậu phộng),dev,0.2426,quan_trac,-0.2688,1,-16.82,1.5,36.5,14.7,45.4,57.8,52.5,86.8,1.15,99.8,47.3,678.6,that,mau
L01,2026-04,canh_tac,L01-2026-LAC,,Lạc (đậu phộng),mid,0.4838,quan_trac,0.105,2,-14.85,19.8,38.7,21.1,45.9,78.9,68.9,125.2,1.15,144.0,75.1,1077.4,that,mau
L01,2026-05,canh_tac,L01-2026-LAC,,Lạc (đậu phộng),mid,0.7961,quan_trac,0.2732,1,-13.02,74.2,37.5,20.0,39.8,212.8,140.3,129.3,1.15,148.7,8.4,120.5,that,mau
L01,2026-06,canh_tac,L01-2026-LAC,L01-2026-LAC,Lạc (đậu phộng),end,0.6116,quan_trac,0.0905,3,-14.92,37.9,38.0,23.1,43.6,196.3,134.6,137.8,0.6,82.7,0.0,0.0,that,mau
L01,2026-07,canh_tac,L01-2026-CUC,,Cúc chi,ini,0.231,quan_trac,-0.2871,3,-18.67,1.2,35.1,23.7,44.0,305.9,155.6,118.9,0.5,59.5,0.0,0.0,that,mau
L01,2026-08,canh_tac,L01-2026-CUC,,Cúc chi,ini,0.6502,quan_trac,0.0527,1,-13.44,44.5,35.8,24.5,40.8,123.5,99.1,48.2,0.5,24.1,0.0,0.0,that,mau
L02,2025-08,canh_tac,L02-2025-CUC,,Cúc chi,dev,0.4185,quan_trac,-0.0941,2,-14.19,12.8,33.5,23.0,41.3,422.4,167.2,56.7,1.05,59.5,0.0,0.0,that,mau
L02,2025-09,canh_tac,L02-2025-CUC,,Cúc chi,dev,0.4317,quan_trac,-0.0373,1,-14.6,14.1,34.8,23.0,42.5,454.7,170.5,104.2,1.05,109.4,0.0,0.0,that,mau
L02,2025-10,canh_tac,L02-2025-CUC,,Cúc chi,mid,0.5396,quan_trac,-0.0252,1,-13.59,27.0,32.8,17.2,39.4,247.1,149.4,94.0,1.05,98.7,0.0,0.0,that,mau
L02,2025-11,canh_tac,L02-2025-CUC,L02-2025-CUC,Cúc chi,end,0.4721,quan_trac,-0.0615,3,-14.89,18.4,29.0,11.8,36.3,97.5,82.3,78.3,0.75,58.7,0.0,0.0,that,mau
L02,2025-12,canh_tac,L02-2025-CUC,L02-2025-CUC,Cúc chi,end,0.5306,quan_trac,-0.0141,1,-15.09,25.8,28.3,12.5,35.0,78.1,68.3,67.4,0.75,50.6,0.0,0.0,that,mau
L02,2026-01,canh_tac,L02-2023-CCO,,Cúc cổ (trà hoa cúc cổ),mid,0.5389,noi_suy,,0,-15.81,26.9,27.0,9.7,33.6,33.5,31.7,69.7,0.95,66.2,34.5,237.3,that,mau
L02,2026-02,canh_tac,L02-2023-CCO,,Cúc cổ (trà hoa cúc cổ),mid,0.5389,noi_suy,,0,-15.45,26.9,29.0,11.9,35.6,38.2,35.9,58.0,0.95,55.1,19.2,132.1,that,mau
L02,2026-03,canh_tac,L02-2023-CCO,L02-2026-CCO,Cúc cổ (trà hoa cúc cổ),end,0.5472,quan_trac,-0.03,1,-15.6,28.0,36.5,14.7,43.0,57.8,52.5,86.8,0.8,69.4,16.9,116.3,that,mau
L02,2026-04,canh_tac,,,Đất trống / nghỉ,,0.3377,quan_trac,-0.0636,2,-15.0,6.3,38.7,21.1,47.1,78.9,68.9,125.2,0.3,37.6,0.0,0.0,that,mau
L02,2026-05,canh_tac,,,Đất trống / nghỉ,,0.5539,quan_trac,-0.009,1,-14.35,29.0,37.5,20.0,43.9,212.8,140.3,129.3,0.3,38.8,0.0,0.0,that,mau
L02,2026-06,canh_tac,,,Đất trống / nghỉ,,0.5815,quan_trac,0.017,3,-15.38,33.1,38.0,23.1,44.0,196.3,134.6,137.8,0.3,41.3,0.0,0.0,that,mau
L02,2026-07,canh_tac,,,Đất trống / nghỉ,,0.4953,quan_trac,-0.0983,3,-15.75,21.2,35.1,23.7,42.2,305.9,155.6,118.9,0.3,35.7,0.0,0.0,that,mau
L02,2026-08,canh_tac,,,Đất trống / nghỉ,,0.5233,quan_trac,-0.0483,1,-13.56,24.8,35.8,24.5,42.6,123.5,99.1,48.2,0.3,14.5,0.0,0.0,that,mau
L03,2025-08,canh_tac,,,Đất trống / nghỉ,,0.46,quan_trac,-0.072,2,-14.15,17.1,33.5,23.0,41.0,422.4,167.2,56.7,0.3,17.0,0.0,0.0,that,mau
L03,2025-09,canh_tac,,,Đất trống / nghỉ,,0.3988,quan_trac,-0.0059,1,-15.01,11.0,34.8,23.0,42.8,454.7,170.5,104.2,0.3,31.3,0.0,0.0,that,mau
L03,2025-10,canh_tac,L03-2025-BCA,,Bồ công anh,ini,0.4345,quan_trac,-0.1049,1,-14.85,14.4,32.8,17.2,40.5,247.1,149.4,94.0,0.6,56.4,0.0,0.0,that,mau
L03,2025-11,canh_tac,L03-2025-BCA,,Bồ công anh,dev,0.5018,quan_trac,-0.0258,3,-15.06,22.0,29.0,11.8,36.0,97.5,82.3,78.3,1.0,78.3,0.0,0.0,that,mau
L03,2025-12,canh_tac,L03-2025-BCA,L03-2025-BCA,Bồ công anh,end,0.5952,quan_trac,0.0619,1,-14.53,35.2,28.3,12.5,34.1,78.1,68.3,67.4,0.85,57.3,0.0,0.0,that,mau
L03,2026-01,canh_tac,,,Đất trống / nghỉ,,0.4902,noi_suy,,0,-15.44,20.6,27.0,9.7,34.1,33.5,31.7,69.7,0.3,20.9,0.0,0.0,that,mau
L03,2026-02,canh_tac,L03-2026-LAC,,Lạc (đậu phộng),ini,0.4902,noi_suy,,0,-15.09,20.6,29.0,11.9,36.1,38.2,35.9,58.0,0.4,23.2,0.0,0.0,that,mau
L03,2026-03,canh_tac,L03-2026-LAC,,Lạc (đậu phộng),dev,0.3852,quan_trac,-0.1431,1,-15.97,9.8,36.5,14.7,44.6,57.8,52.5,86.8,1.15,99.8,47.3,306.8,that,mau
L03,2026-04,canh_tac,L03-2026-LAC,,Lạc (đậu phộng),dev,0.2601,quan_trac,-0.1098,2,-15.7,2.2,38.7,21.1,47.5,78.9,68.9,125.2,1.15,144.0,75.1,487.1,that,mau
L03,2026-05,canh_tac,L03-2026-LAC,,Lạc (đậu phộng),mid,0.7064,quan_trac,0.1498,1,-14.32,55.0,37.5,20.0,41.5,212.8,140.3,129.3,1.15,148.7,8.4,54.5,that,mau
L03,2026-06,canh_tac,L03-2026-LAC,L03-2026-LAC,Lạc (đậu phộng),end,0.7322,quan_trac,0.1858,3,-14.6,60.3,38.0,23.1,41.6,196.3,134.6,137.8,0.6,82.7,0.0,0.0,that,mau
L03,2026-07,canh_tac,L03-2026-LAC,L03-2026-LAC,Lạc (đậu phộng),end,0.364,quan_trac,-0.1728,3,-16.15,8.1,35.1,23.7,43.4,305.9,155.6,118.9,0.6,71.3,0.0,0.0,that,mau
L03,2026-08,canh_tac,L03-2026-CUC,,Cúc chi,dev,0.6174,quan_trac,0.0345,1,-14.25,38.8,35.8,24.5,41.3,123.5,99.1,48.2,1.05,50.6,0.0,0.0,that,mau
L04,2025-08,luu_nien,L04-2022-CHA,,Chanh,mid,0.8043,quan_trac,0.3195,2,-12.38,76.1,33.5,23.0,35.7,422.4,167.2,56.7,0.7,39.7,0.0,0.0,that,mau
L04,2025-09,luu_nien,L04-2022-CHA,L04-CHA-LUU-NIEN,Chanh,end,0.55,quan_trac,0.1916,1,-13.65,28.4,34.8,23.0,41.2,454.7,170.5,104.2,0.65,67.7,0.0,0.0,that,mau
L04,2025-10,luu_nien,L04-2022-CHA,L04-CHA-LUU-NIEN,Chanh,end,0.8261,quan_trac,0.3459,1,-13.05,81.3,32.8,17.2,34.5,247.1,149.4,94.0,0.65,61.1,0.0,0.0,that,mau
L04,2025-11,luu_nien,L04-2022-CHA,L04-CHA-LUU-NIEN,Chanh,end,0.7951,quan_trac,0.3559,3,-13.87,74.0,29.0,11.8,31.3,97.5,82.3,78.3,0.65,50.9,0.0,0.0,that,mau
L04,2025-12,luu_nien,L04-2022-CHA,,Chanh,mid,0.7765,quan_trac,0.3356,1,-12.95,69.8,28.3,12.5,31.0,78.1,68.3,67.4,0.7,47.2,0.0,0.0,that,mau
L04,2026-01,luu_nien,L04-2022-CHA,,Chanh,mid,0.7547,noi_suy,,0,-14.65,65.0,27.0,9.7,30.1,33.5,31.7,69.7,0.7,48.8,17.1,31.6,that,mau
L04,2026-02,luu_nien,L04-2022-CHA,,Chanh,mid,0.7547,noi_suy,,0,-14.34,65.0,29.0,11.9,32.1,38.2,35.9,58.0,0.7,40.6,4.7,8.7,that,mau
L04,2026-03,luu_nien,L04-2022-CHA,,Chanh,mid,0.7328,quan_trac,0.1824,1,-14.79,60.4,36.5,14.7,40.1,57.8,52.5,86.8,0.7,60.8,8.3,15.4,that,mau
L04,2026-04,luu_nien,L04-2022-CHA,,Chanh,mid,0.4324,quan_trac,0.094,2,-14.14,14.2,38.7,21.1,46.4,78.9,68.9,125.2,0.7,87.6,18.7,34.6,that,mau
L04,2026-05,luu_nien,L04-2022-CHA,L04-CHA-LUU-NIEN-2026,Chanh,end,0.795,quan_trac,0.2623,1,-13.03,74.0,37.5,20.0,39.8,212.8,140.3,129.3,0.65,84.0,0.0,0.0,that,mau
L04,2026-06,luu_nien,L04-2022-CHA,L04-CHA-LUU-NIEN-2026,Chanh,end,0.8313,quan_trac,0.312,3,-12.93,82.5,38.0,23.1,39.6,196.3,134.6,137.8,0.65,89.6,0.0,0.0,that,mau
L04,2026-07,luu_nien,L04-2022-CHA,L04-CHA-LUU-NIEN-2026,Chanh,end,0.8613,quan_trac,0.3275,3,-13.3,89.9,35.1,23.7,36.0,305.9,155.6,118.9,0.65,77.3,0.0,0.0,that,mau
L04,2026-08,luu_nien,L04-2022-CHA,L04-CHA-LUU-NIEN-2026,Chanh,end,0.838,quan_trac,0.3545,1,-14.04,84.2,35.8,24.5,37.2,123.5,99.1,48.2,0.65,31.3,0.0,0.0,that,mau
L05,2025-08,canh_tac,L05-2025-BCA,,Bồ công anh,ini,0.5303,quan_trac,0.0924,2,-12.54,25.7,33.5,23.0,40.2,422.4,167.2,56.7,0.6,34.0,0.0,0.0,that,mau
L05,2025-09,canh_tac,L05-2025-BCA,,Bồ công anh,dev,0.5074,quan_trac,0.082,1,-14.49,22.7,34.8,23.0,41.8,454.7,170.5,104.2,1.0,104.2,0.0,0.0,that,mau
L05,2025-10,canh_tac,L05-2025-BCA,,Bồ công anh,mid,0.5445,quan_trac,0.0742,1,-13.18,27.7,32.8,17.2,39.3,247.1,149.4,94.0,1.0,94.0,0.0,0.0,that,mau
L05,2025-11,canh_tac,L05-2025-BCA,L05-2025-BCA-L1,Bồ công anh,end,0.6432,quan_trac,0.1889,3,-13.11,43.2,29.0,11.8,34.1,97.5,82.3,78.3,0.85,66.6,0.0,0.0,that,mau
L05,2025-12,canh_tac,L05-2025-BCA,,Bồ công anh,mid,0.6039,quan_trac,0.1635,1,-12.58,36.6,28.3,12.5,34.0,78.1,68.3,67.4,1.0,67.4,0.0,0.0,that,mau
L05,2026-01,canh_tac,L05-2025-BCA,,Bồ công anh,mid,0.5909,noi_suy,,0,-14.0,34.6,27.0,9.7,32.9,33.5,31.7,69.7,1.0,69.7,38.0,85.0,that,mau
L05,2026-02,canh_tac,L05-2025-BCA,,Bồ công anh,mid,0.5909,noi_suy,,0,-13.75,34.6,29.0,11.9,34.9,38.2,35.9,58.0,1.0,58.0,22.1,49.4,that,mau
L05,2026-03,canh_tac,L05-2025-BCA,L05-2026-BCA-L2,Bồ công anh,end,0.578,quan_trac,0.0869,1,-13.34,32.6,36.5,14.7,42.6,57.8,52.5,86.8,0.85,73.8,21.3,47.6,that,mau
L05,2026-04,canh_tac,L05-2025-BCA,,Bồ công anh,mid,0.3589,quan_trac,0.014,2,-14.46,7.8,38.7,21.1,47.0,78.9,68.9,125.2,1.0,125.2,56.3,125.9,that,mau
L05,2026-05,canh_tac,L05-2025-BCA,,Bồ công anh,mid,0.6668,quan_trac,0.1838,1,-12.84,47.5,37.5,20.0,42.2,212.8,140.3,129.3,1.0,129.3,0.0,0.0,that,mau
L05,2026-06,canh_tac,L05-2025-BCA,,Bồ công anh,mid,0.7081,quan_trac,0.2306,3,-14.18,55.4,38.0,23.1,42.0,196.3,134.6,137.8,1.0,137.8,3.2,7.2,that,mau
L05,2026-07,canh_tac,L05-2025-BCA,,Bồ công anh,mid,0.754,quan_trac,0.2583,3,-13.7,64.9,35.1,23.7,38.3,305.9,155.6,118.9,1.0,118.9,0.0,0.0,that,mau
L05,2026-08,canh_tac,L05-2025-BCA,L05-2026-BCA-L3,Bồ công anh,end,0.7281,quan_trac,0.2412,1,-13.16,59.4,35.8,24.5,39.5,123.5,99.1,48.2,0.85,41.0,0.0,0.0,that,mau
L06,2025-08,cong_trinh,,,Công trình,,0.514,quan_trac,0.0911,2,-13.21,23.6,33.5,23.0,40.4,422.4,167.2,56.7,0.0,0.0,0.0,0.0,that,mau
L06,2025-09,cong_trinh,,,Công trình,,0.4896,quan_trac,0.0504,1,-13.42,20.5,34.8,23.0,42.0,454.7,170.5,104.2,0.0,0.0,0.0,0.0,that,mau
L06,2025-10,cong_trinh,,,Công trình,,0.4038,quan_trac,0.0007,1,-13.87,11.5,32.8,17.2,40.8,247.1,149.4,94.0,0.0,0.0,0.0,0.0,that,mau
L06,2025-11,cong_trinh,,,Công trình,,0.4025,quan_trac,0.0132,3,-14.28,11.3,29.0,11.8,37.0,97.5,82.3,78.3,0.0,0.0,0.0,0.0,that,mau
L06,2025-12,cong_trinh,,,Công trình,,0.2931,quan_trac,0.0291,1,-14.45,3.6,28.3,12.5,37.0,78.1,68.3,67.4,0.0,0.0,0.0,0.0,that,mau
L06,2026-01,cong_trinh,,,Công trình,,0.3044,noi_suy,,0,-15.29,4.2,27.0,9.7,35.6,33.5,31.7,69.7,0.0,0.0,0.0,0.0,that,mau
L06,2026-02,cong_trinh,,,Công trình,,0.3044,noi_suy,,0,-15.19,4.2,29.0,11.9,37.6,38.2,35.9,58.0,0.0,0.0,0.0,0.0,that,mau
L06,2026-03,cong_trinh,,,Công trình,,0.3157,quan_trac,0.0051,1,-16.35,4.9,36.5,14.7,45.1,57.8,52.5,86.8,0.0,0.0,0.0,0.0,that,mau
L06,2026-04,cong_trinh,,,Công trình,,0.2813,quan_trac,-0.0149,2,-14.56,3.1,38.7,21.1,47.4,78.9,68.9,125.2,0.0,0.0,0.0,0.0,that,mau
L06,2026-05,cong_trinh,,,Công trình,,0.3659,quan_trac,0.0637,1,-14.71,8.3,37.5,20.0,45.8,212.8,140.3,129.3,0.0,0.0,0.0,0.0,that,mau
L06,2026-06,cong_trinh,,,Công trình,,0.3671,quan_trac,0.0755,3,-14.89,8.4,38.0,23.1,46.2,196.3,134.6,137.8,0.0,0.0,0.0,0.0,that,mau
L06,2026-07,cong_trinh,,,Công trình,,0.4276,quan_trac,0.0998,3,-14.1,13.7,35.1,23.7,42.9,305.9,155.6,118.9,0.0,0.0,0.0,0.0,that,mau
L06,2026-08,cong_trinh,,,Công trình,,0.53,quan_trac,0.139,1,-13.18,25.7,35.8,24.5,42.5,123.5,99.1,48.2,0.0,0.0,0.0,0.0,that,mau
L07,2025-08,luu_nien,L07-2021-CHA,,Chanh,mid,0.8011,quan_trac,0.3397,2,-12.41,75.4,33.5,23.0,35.7,422.4,167.2,56.7,0.7,39.7,0.0,0.0,that,mau
L07,2025-09,luu_nien,L07-2021-CHA,L07-CHA-2025,Chanh,end,0.5381,quan_trac,0.1964,1,-12.84,26.8,34.8,23.0,41.4,454.7,170.5,104.2,0.65,67.7,0.0,0.0,that,mau
L07,2025-10,luu_nien,L07-2021-CHA,L07-CHA-2025,Chanh,end,0.8237,quan_trac,0.3502,1,-12.59,80.7,32.8,17.2,34.5,247.1,149.4,94.0,0.65,61.1,0.0,0.0,that,mau
L07,2025-11,luu_nien,L07-2021-CHA,L07-CHA-2025,Chanh,end,0.7862,quan_trac,0.3579,3,-12.94,72.0,29.0,11.8,31.5,97.5,82.3,78.3,0.65,50.9,0.0,0.0,that,mau
L07,2025-12,luu_nien,L07-2021-CHA,,Chanh,mid,0.7313,quan_trac,0.3186,1,-13.34,60.1,28.3,12.5,31.9,78.1,68.3,67.4,0.7,47.2,0.0,0.0,that,mau
L07,2026-01,luu_nien,L07-2021-CHA,,Chanh,mid,0.7381,noi_suy,,0,-13.73,61.5,27.0,9.7,30.5,33.5,31.7,69.7,0.7,48.8,17.1,287.2,that,mau
L07,2026-02,luu_nien,L07-2021-CHA,,Chanh,mid,0.7381,noi_suy,,0,-13.06,61.5,29.0,11.9,32.5,38.2,35.9,58.0,0.7,40.6,4.7,78.9,that,mau
L07,2026-03,luu_nien,L07-2021-CHA,,Chanh,mid,0.745,quan_trac,0.2694,1,-13.14,62.9,36.5,14.7,39.8,57.8,52.5,86.8,0.7,60.8,8.3,139.4,that,mau
L07,2026-04,luu_nien,L07-2021-CHA,,Chanh,mid,0.4774,quan_trac,0.2071,2,-13.29,19.1,38.7,21.1,46.0,78.9,68.9,125.2,0.7,87.6,18.7,314.0,that,mau
L07,2026-05,luu_nien,L07-2021-CHA,,Chanh,mid,0.7881,quan_trac,0.3087,1,-13.04,72.4,37.5,20.0,40.0,212.8,140.3,129.3,0.7,90.5,0.0,0.0,that,mau
L07,2026-06,luu_nien,L07-2021-CHA,L07-CHA-2026,Chanh,end,0.8147,quan_trac,0.3485,3,-13.19,78.5,38.0,23.1,39.9,196.3,134.6,137.8,0.65,89.6,0.0,0.0,that,mau
L07,2026-07,luu_nien,L07-2021-CHA,L07-CHA-2026,Chanh,end,0.8765,quan_trac,0.4,3,-12.42,93.8,35.1,23.7,35.7,305.9,155.6,118.9,0.65,77.3,0.0,0.0,that,mau
L07,2026-08,luu_nien,L07-2021-CHA,L07-CHA-2026,Chanh,end,0.8419,quan_trac,0.4225,1,-13.07,85.1,35.8,24.5,37.1,123.5,99.1,48.2,0.65,31.3,0.0,0.0,that,mau
L08,2025-08,canh_tac,,,Đất trống / nghỉ,,0.803,quan_trac,0.3174,2,-11.91,75.8,33.5,23.0,35.7,422.4,167.2,56.7,0.3,17.0,0.0,0.0,that,mau
L08,2025-09,canh_tac,,,Đất trống / nghỉ,,0.4606,quan_trac,-0.0284,1,-13.33,17.2,34.8,23.0,42.3,454.7,170.5,104.2,0.3,31.3,0.0,0.0,that,mau
L08,2025-10,canh_tac,,,Đất trống / nghỉ,,0.4091,quan_trac,-0.0205,1,-13.18,11.9,32.8,17.2,40.7,247.1,149.4,94.0,0.3,28.2,0.0,0.0,that,mau
L08,2025-11,canh_tac,,,Đất trống / nghỉ,,0.3304,quan_trac,0.0547,3,-14.25,5.8,29.0,11.8,37.5,97.5,82.3,78.3,0.3,23.5,0.0,0.0,that,mau
L08,2025-12,canh_tac,,,Đất trống / nghỉ,,0.2284,quan_trac,0.0235,1,-14.71,1.1,28.3,12.5,37.2,78.1,68.3,67.4,0.3,20.2,0.0,0.0,that,mau
L08,2026-01,canh_tac,,,Đất trống / nghỉ,,0.2398,noi_suy,,0,-15.33,1.4,27.0,9.7,35.9,33.5,31.7,69.7,0.3,20.9,0.0,0.0,that,mau
L08,2026-02,canh_tac,,,Đất trống / nghỉ,,0.2398,noi_suy,,0,-15.39,1.4,29.0,11.9,37.9,38.2,35.9,58.0,0.3,17.4,0.0,0.0,that,mau
L08,2026-03,canh_tac,,,Đất trống / nghỉ,,0.2512,quan_trac,-0.0115,1,-14.92,1.8,36.5,14.7,45.3,57.8,52.5,86.8,0.3,26.0,0.0,0.0,that,mau
L08,2026-04,canh_tac,,,Đất trống / nghỉ,,0.2471,quan_trac,-0.0035,2,-14.21,1.7,38.7,21.1,47.5,78.9,68.9,125.2,0.3,37.6,0.0,0.0,that,mau
L08,2026-05,canh_tac,,,Đất trống / nghỉ,,0.2729,quan_trac,0.0179,1,-13.55,2.7,37.5,20.0,46.3,212.8,140.3,129.3,0.3,38.8,0.0,0.0,that,mau
L08,2026-06,canh_tac,,,Đất trống / nghỉ,,0.2781,quan_trac,0.0253,3,-14.51,2.9,38.0,23.1,46.7,196.3,134.6,137.8,0.3,41.3,0.0,0.0,that,mau
L08,2026-07,canh_tac,L08-2026-BCA,,Bồ công anh,ini,0.4264,quan_trac,0.0983,3,-14.1,13.6,35.1,23.7,42.9,305.9,155.6,118.9,0.6,71.3,0.0,0.0,that,mau
L08,2026-08,canh_tac,L08-2026-BCA,,Bồ công anh,dev,0.5109,quan_trac,0.1143,1,-13.41,23.2,35.8,24.5,42.7,123.5,99.1,48.2,1.0,48.2,0.0,0.0,that,mau
L09,2025-08,dat_nghi,,,Đất trống / nghỉ,,0.715,quan_trac,0.3165,2,-12.03,56.8,33.5,23.0,37.4,422.4,167.2,56.7,0.3,17.0,0.0,0.0,that,mau
L09,2025-09,dat_nghi,,,Đất trống / nghỉ,,0.2993,quan_trac,-0.0405,1,-13.92,4.0,34.8,23.0,43.4,454.7,170.5,104.2,0.3,31.3,0.0,0.0,that,mau
L09,2025-10,dat_nghi,,,Đất trống / nghỉ,,0.275,quan_trac,-0.1572,1,-14.75,2.8,32.8,17.2,41.5,247.1,149.4,94.0,0.3,28.2,0.0,0.0,that,mau
L09,2025-11,dat_nghi,,,Đất trống / nghỉ,,0.2849,quan_trac,-0.1099,3,-14.67,3.2,29.0,11.8,37.7,97.5,82.3,78.3,0.3,23.5,0.0,0.0,that,mau
L09,2025-12,dat_nghi,,,Đất trống / nghỉ,,0.2926,quan_trac,0.1155,1,-14.18,3.6,28.3,12.5,37.0,78.1,68.3,67.4,0.3,20.2,0.0,0.0,that,mau
L09,2026-01,dat_nghi,,,Đất trống / nghỉ,,0.3213,noi_suy,,0,-14.74,5.2,27.0,9.7,35.5,33.5,31.7,69.7,0.3,20.9,0.0,0.0,that,mau
L09,2026-02,dat_nghi,,,Đất trống / nghỉ,,0.3213,noi_suy,,0,-14.24,5.2,29.0,11.9,37.5,38.2,35.9,58.0,0.3,17.4,0.0,0.0,that,mau
L09,2026-03,dat_nghi,,,Đất trống / nghỉ,,0.3499,quan_trac,0.1196,1,-14.05,7.1,36.5,14.7,44.9,57.8,52.5,86.8,0.3,26.0,0.0,0.0,that,mau
L09,2026-04,dat_nghi,,,Đất trống / nghỉ,,0.3129,quan_trac,0.1244,2,-13.33,4.7,38.7,21.1,47.3,78.9,68.9,125.2,0.3,37.6,0.0,0.0,that,mau
L09,2026-05,dat_nghi,L09-2026-DAU,,Đậu che phủ (cây phân xanh),ini,0.5111,quan_trac,0.2255,1,-12.34,23.2,37.5,20.0,44.4,212.8,140.3,129.3,0.4,51.7,0.0,0.0,that,mau
L09,2026-06,dat_nghi,L09-2026-DAU,,Đậu che phủ (cây phân xanh),dev,0.5355,quan_trac,0.2611,3,-12.41,26.4,38.0,23.1,44.6,196.3,134.6,137.8,0.9,124.0,0.0,0.0,that,mau
L09,2026-07,dat_nghi,L09-2026-DAU,,Đậu che phủ (cây phân xanh),dev,0.7302,quan_trac,0.3898,3,-11.05,59.8,35.1,23.7,38.7,305.9,155.6,118.9,0.9,107.0,0.0,0.0,that,mau
L09,2026-08,dat_nghi,L09-2026-DAU,,Đậu che phủ (cây phân xanh),mid,0.7346,quan_trac,0.4206,1,-12.1,60.8,35.8,24.5,39.3,123.5,99.1,48.2,0.9,43.4,0.0,0.0,that,mau
L10,2025-08,vuon_uom,,,Đất trống / nghỉ,,0.6091,quan_trac,0.1366,2,-10.76,37.5,33.5,23.0,39.1,422.4,167.2,56.7,0.3,17.0,0.0,0.0,that,mau
L10,2025-09,vuon_uom,L10-2025-CUC,,Cúc chi,ini,0.4746,noi_suy,,0,-13.34,18.7,34.8,23.0,42.1,454.7,170.5,104.2,0.5,52.1,0.0,0.0,that,mau
L10,2025-10,vuon_uom,L10-2025-CUC,,Cúc chi,dev,0.34,quan_trac,-0.0082,1,-13.35,6.4,32.8,17.2,41.2,247.1,149.4,94.0,1.05,98.7,0.0,0.0,that,mau
L10,2025-11,vuon_uom,L10-2025-CUC,L10-2025-CUC,Cúc chi,end,0.5477,quan_trac,0.121,3,-13.64,28.1,29.0,11.8,35.5,97.5,82.3,78.3,0.75,58.7,0.0,0.0,that,mau
L10,2025-12,vuon_uom,L10-2025-CUC,L10-2025-CUC,Cúc chi,end,0.5083,quan_trac,0.1249,1,-12.76,22.8,28.3,12.5,35.2,78.1,68.3,67.4,0.75,50.6,0.0,0.0,that,mau
L10,2026-01,vuon_uom,L10-2026-UOM,,Luống ươm cây giống,ini,0.5238,noi_suy,,0,-13.8,24.8,27.0,9.7,33.8,33.5,31.7,69.7,0.55,38.3,6.6,14.1,that,mau
L10,2026-02,vuon_uom,L10-2026-UOM,,Luống ươm cây giống,mid,0.5238,noi_suy,,0,-13.12,24.8,29.0,11.9,35.8,38.2,35.9,58.0,0.8,46.4,10.5,22.4,that,mau
L10,2026-03,vuon_uom,L10-2026-UOM,L10-2026-UOM,Luống ươm cây giống,end,0.5394,quan_trac,0.0936,1,-14.13,27.0,36.5,14.7,43.1,57.8,52.5,86.8,0.6,52.1,0.0,0.0,that,mau
L10,2026-04,vuon_uom,,,Đất trống / nghỉ,,0.2909,quan_trac,-0.0147,2,-13.96,3.5,38.7,21.1,47.4,78.9,68.9,125.2,0.3,37.6,0.0,0.0,that,mau
L10,2026-05,vuon_uom,,,Đất trống / nghỉ,,0.3429,quan_trac,-0.0359,1,-12.52,6.6,37.5,20.0,45.9,212.8,140.3,129.3,0.3,38.8,0.0,0.0,that,mau
L10,2026-06,vuon_uom,,,Đất trống / nghỉ,,0.2465,quan_trac,0.1215,3,-11.77,1.7,38.0,23.1,46.9,196.3,134.6,137.8,0.3,41.3,0.0,0.0,that,mau
L10,2026-07,vuon_uom,,,Đất trống / nghỉ,,0.3784,quan_trac,0.2099,3,-13.05,9.3,35.1,23.7,43.3,305.9,155.6,118.9,0.3,35.7,0.0,0.0,that,mau
L10,2026-08,vuon_uom,,,Đất trống / nghỉ,,0.4027,quan_trac,0.1824,1,-10.89,11.4,35.8,24.5,43.8,123.5,99.1,48.2,0.3,14.5,0.0,0.0,that,mau
L11,2025-08,canh_tac,L11-2025-BCA,,Bồ công anh,dev,0.7177,quan_trac,0.2925,2,-11.81,57.3,33.5,23.0,37.3,422.4,167.2,56.7,1.0,56.7,0.0,0.0,that,mau
L11,2025-09,canh_tac,L11-2025-BCA,,Bồ công anh,mid,0.656,quan_trac,0.2315,1,-12.43,45.5,34.8,23.0,39.7,454.7,170.5,104.2,1.0,104.2,0.0,0.0,that,mau
L11,2025-10,canh_tac,L11-2025-BCA,L11-2025-BCA-L1,Bồ công anh,end,0.7319,quan_trac,0.2763,1,-12.76,60.2,32.8,17.2,36.4,247.1,149.4,94.0,0.85,79.9,0.0,0.0,that,mau
L11,2025-11,canh_tac,L11-2025-BCA,,Bồ công anh,mid,0.6575,quan_trac,0.2483,3,-12.7,45.8,29.0,11.8,33.9,97.5,82.3,78.3,1.0,78.3,0.0,0.0,that,mau
L11,2025-12,canh_tac,L11-2025-BCA,L11-2025-BCA-L2,Bồ công anh,end,0.583,quan_trac,0.193,1,-11.82,33.3,28.3,12.5,34.3,78.1,68.3,67.4,0.85,57.3,0.0,0.0,that,mau
L11,2026-01,canh_tac,L11-2025-BCA,,Bồ công anh,mid,0.5757,noi_suy,,0,-13.22,32.2,27.0,9.7,33.1,33.5,31.7,69.7,1.0,69.7,38.0,135.0,that,mau
L11,2026-02,canh_tac,L11-2025-BCA,,Bồ công anh,mid,0.5757,noi_suy,,0,-12.7,32.2,29.0,11.9,35.1,38.2,35.9,58.0,1.0,58.0,22.1,78.5,that,mau
L11,2026-03,canh_tac,L11-2025-BCA,L11-2026-BCA-L3,Bồ công anh,end,0.5684,quan_trac,0.1135,1,-12.62,31.1,36.5,14.7,42.7,57.8,52.5,86.8,0.85,73.8,21.3,75.7,that,mau
L11,2026-04,canh_tac,L11-2025-BCA,,Bồ công anh,mid,0.4062,quan_trac,0.1097,2,-12.77,11.7,38.7,21.1,46.6,78.9,68.9,125.2,1.0,125.2,56.3,200.0,that,mau
L11,2026-05,canh_tac,L11-2025-BCA,,Bồ công anh,mid,0.5623,quan_trac,0.1224,1,-12.64,30.2,37.5,20.0,43.8,212.8,140.3,129.3,1.0,129.3,0.0,0.0,that,mau
L11,2026-06,canh_tac,L11-2025-BCA,,Bồ công anh,mid,0.5193,quan_trac,0.0881,3,-12.51,24.2,38.0,23.1,44.8,196.3,134.6,137.8,1.0,137.8,3.2,11.4,that,mau
L11,2026-07,canh_tac,L11-2025-BCA,,Bồ công anh,mid,0.5707,quan_trac,0.0752,3,-13.42,31.5,35.1,23.7,41.3,305.9,155.6,118.9,1.0,118.9,0.0,0.0,that,mau
L11,2026-08,canh_tac,L11-2025-BCA,L11-2026-BCA-L4,Bồ công anh,end,0.5499,quan_trac,0.0475,1,-12.36,28.4,35.8,24.5,42.2,123.5,99.1,48.2,0.85,41.0,0.0,0.0,that,mau
L12,2025-08,canh_tac,L12-2025-CUC,,Cúc chi,ini,0.366,quan_trac,0.0349,2,-13.66,8.3,33.5,23.0,41.8,422.4,167.2,56.7,0.5,28.4,0.0,0.0,that,mau
L12,2025-09,canh_tac,L12-2025-CUC,,Cúc chi,dev,0.4966,quan_trac,0.1183,1,-13.88,21.4,34.8,23.0,41.9,454.7,170.5,104.2,1.05,109.4,0.0,0.0,that,mau
L12,2025-10,canh_tac,L12-2025-CUC,,Cúc chi,mid,0.7161,quan_trac,0.1953,1,-13.34,57.0,32.8,17.2,36.7,247.1,149.4,94.0,1.05,98.7,0.0,0.0,that,mau
L12,2025-11,canh_tac,L12-2025-CUC,L12-2025-CUC,Cúc chi,end,0.6966,quan_trac,0.2381,3,-13.1,53.1,29.0,11.8,33.2,97.5,82.3,78.3,0.75,58.7,0.0,0.0,that,mau
L12,2025-12,canh_tac,L12-2025-CUC,L12-2025-CUC,Cúc chi,end,0.4268,quan_trac,0.0229,1,-13.35,13.6,28.3,12.5,36.1,78.1,68.3,67.4,0.75,50.6,0.0,0.0,that,mau
L12,2026-01,canh_tac,,,Đất trống / nghỉ,,0.4075,noi_suy,,0,-14.41,11.8,27.0,9.7,34.9,33.5,31.7,69.7,0.3,20.9,0.0,0.0,that,mau
L12,2026-02,canh_tac,,,Đất trống / nghỉ,,0.4075,noi_suy,,0,-14.39,11.8,29.0,11.9,36.9,38.2,35.9,58.0,0.3,17.4,0.0,0.0,that,mau
L12,2026-03,canh_tac,,,Đất trống / nghỉ,,0.3882,quan_trac,-0.0507,1,-14.48,10.1,36.5,14.7,44.6,57.8,52.5,86.8,0.3,26.0,0.0,0.0,that,mau
L12,2026-04,canh_tac,,,Đất trống / nghỉ,,0.2712,quan_trac,-0.0467,2,-14.53,2.6,38.7,21.1,47.5,78.9,68.9,125.2,0.3,37.6,0.0,0.0,that,mau
L12,2026-05,canh_tac,,,Đất trống / nghỉ,,0.3915,quan_trac,-0.0375,1,-13.9,10.4,37.5,20.0,45.6,212.8,140.3,129.3,0.3,38.8,0.0,0.0,that,mau
L12,2026-06,canh_tac,,,Đất trống / nghỉ,,0.2634,quan_trac,0.0801,3,-13.22,2.3,38.0,23.1,46.8,196.3,134.6,137.8,0.3,41.3,0.0,0.0,that,mau
L12,2026-07,canh_tac,L12-2026-CUC,,Cúc chi,ini,0.3217,quan_trac,0.1144,2,-13.7,5.2,35.1,23.7,43.6,305.9,155.6,118.9,0.5,59.5,0.0,0.0,that,mau
L12,2026-08,canh_tac,L12-2026-CUC,,Cúc chi,ini,0.3807,quan_trac,0.1153,1,-12.45,9.5,35.8,24.5,43.9,123.5,99.1,48.2,0.5,24.1,0.0,0.0,that,mau
