lo_id,vu,dinh,ndvi_dinh,day,ndvi_day,so_ngay_len,cach_quan_trac_that,lo_hong_lon_nhat,tin_cay
L01,1,2025-10-01,0.73,2025-08-12,0.269,50,3,32.0,chắc
L01,2,2026-05-29,0.796,2026-01-14,0.15,135,2,60.0,cần kiểm chứng
L02,1,2025-10-06,0.537,2025-09-21,0.432,15,2,32.0,chắc
L02,2,2026-03-10,0.547,2025-12-05,0.311,95,3,15.0,chắc
L03,1,2025-12-20,0.59,2025-12-05,0.323,15,2,15.0,chắc
L03,2,2026-06-03,0.748,2026-04-09,0.26,55,2,45.0,cần kiểm chứng
L04,1,2025-10-06,0.825,2025-09-11,0.39,25,2,25.0,chắc
L05,1,2025-11-20,0.682,2025-09-11,0.295,70,0,40.0,cần kiểm chứng
L05,2,2026-03-10,0.57,2026-01-14,0.419,55,3,,chắc
L07,1,2025-10-06,0.823,2025-09-16,0.434,20,2,13.0,chắc
L07,2,2026-03-10,0.729,2025-12-25,0.337,75,3,,chắc
L08,1,2025-11-10,0.573,2025-10-06,0.418,35,3,,chắc
L10,1,2025-11-20,0.563,2025-09-16,0.199,65,0,40.0,cần kiểm chứng
L10,2,2026-03-10,0.526,2025-12-25,0.187,75,3,,chắc
L11,1,2025-10-06,0.73,2025-09-11,0.524,25,2,25.0,chắc
L11,2,2025-12-20,0.583,2025-12-10,0.36,10,2,10.0,chắc
L12,1,2025-11-10,0.731,2025-08-17,0.366,85,3,25.0,chắc
