ngay,lo_id,huong_bay,vv_db,vh_db,rvi,nguon
2025-08-14,L01,des,-8.264,-14.739,0.7351,that
2025-08-14,L02,des,-7.174,-14.24,0.6569,that
2025-08-14,L03,des,-8.698,-14.566,0.8227,that
2025-08-14,L04,des,-7.323,-12.621,0.9119,that
2025-08-14,L05,des,-5.961,-13.71,0.5752,that
2025-08-14,L06,des,-7.546,-14.052,0.7309,that
2025-08-14,L07,des,-7.943,-12.889,0.9701,that
2025-08-14,L08,des,-7.889,-13.112,0.924,that
2025-08-14,L09,des,-7.115,-13.853,0.6995,that
2025-08-14,L10,des,-6.554,-11.05,1.0481,that
2025-08-14,L11,des,-4.415,-12.281,0.562,that
2025-08-14,L12,des,-5.247,-12.39,0.6473,that
2025-08-17,L01,asc,-8.346,-14.602,0.7659,that
2025-08-17,L02,asc,-8.839,-14.341,0.8791,that
2025-08-17,L03,asc,-9.336,-13.972,1.0235,that
2025-08-17,L04,asc,-7.088,-11.456,1.0713,that
2025-08-17,L05,asc,-6.738,-13.044,0.7588,that
2025-08-17,L06,asc,-8.082,-13.291,0.9263,that
2025-08-17,L07,asc,-6.453,-12.881,0.7417,that
2025-08-17,L08,asc,-6.854,-12.581,0.8442,that
2025-08-17,L09,asc,-5.547,-11.977,0.7414,that
2025-08-17,L10,asc,-6.852,-11.528,1.0164,that
2025-08-17,L11,asc,-6.09,-13.277,0.6418,that
2025-08-17,L12,asc,-7.702,-14.483,0.6938,that
2025-08-26,L01,des,-7.263,-12.658,0.8962,that
2025-08-26,L02,des,-7.992,-13.788,0.8336,that
2025-08-26,L03,des,-7.166,-13.375,0.7726,that
2025-08-26,L04,des,-7.558,-12.427,0.9833,that
2025-08-26,L05,des,-6.492,-11.479,0.9632,that
2025-08-26,L06,des,-7.535,-13.128,0.8648,that
2025-08-26,L07,des,-6.208,-11.411,0.9274,that
2025-08-26,L08,des,-6.793,-10.454,1.2036,that
2025-08-26,L09,des,-5.397,-11.09,0.8494,that
2025-08-26,L10,des,-5.259,-8.845,1.2183,that
2025-08-26,L11,des,-3.686,-9.776,0.7899,that
2025-08-26,L12,des,-6.744,-13.784,0.6603,that
2025-08-29,L01,asc,-7.214,-13.539,0.7562,that
2025-08-29,L02,asc,-8.744,-14.431,0.8504,that
2025-08-29,L03,asc,-8.577,-14.842,0.7646,that
2025-08-29,L04,asc,-7.74,-13.184,0.8884,that
2025-08-29,L05,asc,-8.626,-12.266,1.2077,that
2025-08-29,L06,asc,-8.154,-12.52,1.0717,that
2025-08-29,L07,asc,-6.175,-12.633,0.7375,that
2025-08-29,L08,asc,-4.697,-11.963,0.632,that
2025-08-29,L09,asc,-4.511,-11.647,0.6483,that
2025-08-29,L10,asc,-7.344,-12.5,0.935,that
2025-08-29,L11,asc,-5.829,-12.837,0.6643,that
2025-08-29,L12,asc,-9.297,-14.315,0.9581,that
2025-09-07,L01,des,-8.382,-13.686,0.9108,that
2025-09-07,L02,des,-7.883,-14.905,0.6625,that
2025-09-07,L03,des,-8.656,-14.509,0.8249,that
2025-09-07,L04,des,-4.667,-12.664,0.5476,that
2025-09-07,L05,des,-7.469,-13.954,0.7338,that
2025-09-07,L06,des,-7.467,-14.372,0.6775,that
2025-09-07,L07,des,-7.201,-12.647,0.8879,that
2025-09-07,L08,des,-8.095,-13.314,0.9248,that
2025-09-07,L09,des,-9.522,-14.105,1.0328,that
2025-09-07,L10,des,-8.242,-12.697,1.0557,that
2025-09-07,L11,des,-6.04,-13.535,0.6045,that
2025-09-07,L12,des,-8.396,-14.605,0.7726,that
2025-09-10,L01,asc,-9.15,-14.283,0.9388,that
2025-09-10,L02,asc,-10.126,-15.307,0.9309,that
2025-09-10,L03,asc,-10.291,-15.537,0.9202,that
2025-09-10,L04,asc,-8.732,-14.158,0.8911,that
2025-09-10,L05,asc,-8.062,-14.676,0.7161,that
2025-09-10,L06,asc,-7.885,-13.18,0.9123,that
2025-09-10,L07,asc,-7.966,-13.115,0.936,that
2025-09-10,L08,asc,-6.057,-14.36,0.5151,that
2025-09-10,L09,asc,-8.609,-14.288,0.8515,that
2025-09-10,L10,asc,-8.872,-13.997,0.9401,that
2025-09-10,L11,asc,-6.718,-11.635,0.9751,that
2025-09-10,L12,asc,-8.038,-14.011,0.807,that
2025-09-19,L01,des,-6.725,-12.231,0.8786,that
2025-09-19,L02,des,-8.319,-13.147,0.9903,that
2025-09-19,L03,des,-8.399,-14.575,0.7774,that
2025-09-19,L04,des,-8.565,-13.665,0.9442,that
2025-09-19,L05,des,-7.051,-15.326,0.518,that
2025-09-19,L06,des,-7.631,-11.993,1.0723,that
2025-09-19,L07,des,-6.692,-12.427,0.843,that
2025-09-19,L08,des,-6.441,-13.13,0.706,that
2025-09-19,L09,des,-7.847,-12.855,0.9597,that
2025-09-19,L10,des,-6.496,-12.694,0.7742,that
2025-09-19,L11,des,-4.971,-12.243,0.6314,that
2025-09-19,L12,des,-6.048,-13.21,0.645,that
2025-09-22,L01,asc,-7.188,-13.599,0.744,that
2025-09-22,L02,asc,-9.222,-15.436,0.7719,that
2025-09-22,L03,asc,-9.96,-15.512,0.8712,that
2025-09-22,L04,asc,-8.424,-14.324,0.8178,that
2025-09-22,L05,asc,-7.758,-14.123,0.7506,that
2025-09-22,L06,asc,-7.598,-14.662,0.6571,that
2025-09-22,L07,asc,-7.578,-13.233,0.8552,that
2025-09-22,L08,asc,-6.627,-12.692,0.7935,that
2025-09-22,L09,asc,-6.956,-14.672,0.5788,that
2025-09-22,L10,asc,-7.836,-14.183,0.753,that
2025-09-22,L11,asc,-5.727,-12.502,0.6945,that
2025-09-22,L12,asc,-6.616,-13.802,0.6419,that
2025-10-01,L01,des,-5.938,-11.261,0.9077,that
2025-10-01,L02,des,-5.879,-13.164,0.6297,that
2025-10-01,L03,des,-8.171,-14.067,0.8184,that
2025-10-01,L04,des,-6.344,-11.693,0.9036,that
2025-10-01,L05,des,-5.722,-12.9,0.6429,that
2025-10-01,L06,des,-5.606,-13.139,0.6,that
2025-10-01,L07,des,-4.697,-11.12,0.7425,that
2025-10-01,L08,des,-7.23,-12.338,0.943,that
2025-10-01,L09,des,-6.395,-14.305,0.5571,that
2025-10-01,L10,des,-6.025,-13.341,0.6259,that
2025-10-01,L11,des,-4.984,-12.712,0.5776,that
2025-10-01,L12,des,-5.768,-12.405,0.713,that
2025-10-04,L01,asc,-7.8,-13.763,0.8085,that
2025-10-04,L02,asc,-9.239,-14.872,0.8586,that
2025-10-04,L03,asc,-9.261,-15.858,0.7185,that
2025-10-04,L04,asc,-7.608,-14.466,0.6836,that
2025-10-04,L05,asc,-9.679,-13.576,1.1583,that
2025-10-04,L06,asc,-10.378,-13.864,1.2377,that
2025-10-04,L07,asc,-7.966,-12.791,0.9906,that
2025-10-04,L08,asc,-8.812,-14.004,0.9291,that
2025-10-04,L09,asc,-7.34,-14.649,0.6267,that
2025-10-04,L10,asc,-7.885,-13.55,0.8538,that
2025-10-04,L11,asc,-7.462,-12.894,0.8904,that
2025-10-04,L12,asc,-7.251,-14.182,0.6742,that
2025-10-13,L01,des,-6.614,-10.892,1.0876,that
2025-10-13,L02,des,-7.272,-12.05,0.9988,that
2025-10-13,L03,des,-8.925,-14.722,0.8335,that
2025-10-13,L04,des,-7.553,-13.602,0.7958,that
2025-10-13,L05,des,-7.9,-12.642,1.0051,that
2025-10-13,L06,des,-7.388,-13.408,0.8002,that
2025-10-13,L07,des,-6.837,-12.647,0.8314,that
2025-10-13,L08,des,-8.11,-12.763,1.0205,that
2025-10-13,L09,des,-7.827,-14.118,0.761,that
2025-10-13,L10,des,-7.271,-13.137,0.823,that
2025-10-13,L11,des,-4.302,-12.49,0.527,that
2025-10-13,L12,des,-6.524,-12.671,0.7815,that
2025-10-16,L01,asc,-7.555,-12.762,0.9267,that
2025-10-16,L02,asc,-9.149,-13.201,1.1292,that
2025-10-16,L03,asc,-9.485,-14.867,0.8983,that
2025-10-16,L04,asc,-8.352,-13.195,0.9877,that
2025-10-16,L05,asc,-6.626,-13.219,0.719,that
2025-10-16,L06,asc,-8.486,-13.59,0.9437,that
2025-10-16,L07,asc,-6.859,-12.537,0.8518,that
2025-10-16,L08,asc,-5.634,-11.175,0.8731,that
2025-10-16,L09,asc,-6.432,-14.371,0.5539,that
2025-10-16,L10,asc,-7.852,-11.933,1.1239,that
2025-10-16,L11,asc,-5.898,-12.253,0.7518,that
2025-10-16,L12,asc,-8.035,-13.175,0.9377,that
2025-10-25,L01,des,-7.783,-13.682,0.8182,that
2025-10-25,L02,des,-9.191,-13.964,0.9998,that
2025-10-25,L03,des,-9.099,-14.91,0.8314,that
2025-10-25,L04,des,-6.79,-13.026,0.7687,that
2025-10-25,L05,des,-5.775,-13.802,0.5442,that
2025-10-25,L06,des,-7.51,-13.496,0.8051,that
2025-10-25,L07,des,-7.936,-12.86,0.9738,that
2025-10-25,L08,des,-7.548,-15.697,0.5312,that
2025-10-25,L09,des,-8.828,-15.632,0.6907,that
2025-10-25,L10,des,-6.278,-13.712,0.6117,that
2025-10-25,L11,des,-5.265,-13.802,0.4914,that
2025-10-25,L12,des,-8.284,-14.222,0.8122,that
2025-10-28,L01,asc,-9.289,-14.455,0.9333,that
2025-10-28,L02,asc,-9.213,-15.049,0.8276,that
2025-10-28,L03,asc,-9.9,-14.833,0.9723,that
2025-10-28,L04,asc,-7.859,-12.832,0.9656,that
2025-10-28,L05,asc,-9.363,-13.054,1.1977,that
2025-10-28,L06,asc,-9.069,-16.488,0.6135,that
2025-10-28,L07,asc,-7.1,-14.131,0.6614,that
2025-10-28,L08,asc,-7.973,-14.677,0.7041,that
2025-10-28,L09,asc,-6.847,-15.706,0.4603,that
2025-10-28,L10,asc,-8.962,-14.983,0.8,that
2025-10-28,L11,asc,-7.457,-12.553,0.9449,that
2025-10-28,L12,asc,-9.068,-13.718,1.0211,that
2025-11-06,L01,des,-7.265,-12.794,0.8749,that
2025-11-06,L02,des,-7.084,-13.624,0.7262,that
2025-11-06,L03,des,-7.719,-14.352,0.7136,that
2025-11-06,L04,des,-8.11,-12.779,1.0177,that
2025-11-06,L05,des,-6.114,-11.774,0.8545,that
2025-11-06,L06,des,-7.56,-14.146,0.72,that
2025-11-06,L07,des,-7.127,-12.683,0.8707,that
2025-11-06,L08,des,-8.507,-13.301,0.9961,that
2025-11-06,L09,des,-8.175,-13.974,0.8332,that
2025-11-06,L10,des,-6.591,-13.846,0.6333,that
2025-11-06,L11,des,-3.948,-11.861,0.5567,that
2025-11-06,L12,des,-8.402,-13.891,0.8812,that
2025-11-09,L01,asc,-6.55,-11.99,0.8889,that
2025-11-09,L02,asc,-7.337,-13.742,0.745,that
2025-11-09,L03,asc,-8.985,-14.672,0.8503,that
2025-11-09,L04,asc,-7.833,-12.621,0.9972,that
2025-11-09,L05,asc,-7.197,-11.889,1.0137,that
2025-11-09,L06,asc,-9.262,-12.185,1.3514,that
2025-11-09,L07,asc,-6.666,-12.048,0.8983,that
2025-11-09,L08,asc,-5.935,-13.252,0.6258,that
2025-11-09,L09,asc,-5.819,-13.625,0.5688,that
2025-11-09,L10,asc,-7.497,-13.121,0.86,that
2025-11-09,L11,asc,-5.954,-12.356,0.7454,that
2025-11-09,L12,asc,-7.297,-12.449,0.9357,that
2025-11-18,L01,des,-8.326,-14.097,0.8374,that
2025-11-18,L02,des,-8.352,-14.659,0.7586,that
2025-11-18,L03,des,-8.258,-14.511,0.7663,that
2025-11-18,L04,des,-8.618,-14.755,0.7831,that
2025-11-18,L05,des,-7.278,-13.513,0.7689,that
2025-11-18,L06,des,-7.877,-15.716,0.565,that
2025-11-18,L07,des,-7.26,-12.718,0.8861,that
2025-11-18,L08,des,-7.064,-15.483,0.5032,that
2025-11-18,L09,des,-7.499,-15.531,0.5437,that
2025-11-18,L10,des,-6.066,-12.175,0.7871,that
2025-11-18,L11,des,-4.485,-13.521,0.444,that
2025-11-18,L12,des,-8.143,-12.395,1.0923,that
2025-11-21,L01,asc,-10.488,-16.037,0.8716,that
2025-11-21,L02,asc,-10.014,-16.698,0.7066,that
2025-11-21,L03,asc,-10.143,-16.503,0.7511,that
2025-11-21,L04,asc,-9.057,-15.345,0.7613,that
2025-11-21,L05,asc,-7.111,-15.187,0.539,that
2025-11-21,L06,asc,-8.729,-14.279,0.8716,that
2025-11-21,L07,asc,-8.081,-14.205,0.7848,that
2025-11-21,L08,asc,-8.161,-14.433,0.7637,that
2025-11-21,L09,asc,-7.491,-16.284,0.4666,that
2025-11-21,L10,asc,-7.344,-15.354,0.5461,that
2025-11-21,L11,asc,-7.648,-13.044,0.8959,that
2025-11-21,L12,asc,-8.733,-14.039,0.9105,that
2025-11-30,L01,des,-10.307,-16.713,0.7447,that
2025-11-30,L02,des,-9.82,-16.801,0.6677,that
2025-11-30,L03,des,-8.582,-15.609,0.662,that
2025-11-30,L04,des,-6.883,-14.539,0.5857,that
2025-11-30,L05,des,-7.138,-14.173,0.6609,that
2025-11-30,L06,des,-9.052,-16.262,0.6389,that
2025-11-30,L07,des,-7.673,-13.321,0.8563,that
2025-11-30,L08,des,-8.118,-15.289,0.6438,that
2025-11-30,L09,des,-8.664,-14.484,0.8299,that
2025-11-30,L10,des,-5.722,-14.36,0.4815,that
2025-11-30,L11,des,-5.031,-12.893,0.5624,that
2025-11-30,L12,des,-8.474,-12.996,1.0437,that
2025-12-03,L01,asc,-11.061,-17.474,0.7437,that
2025-12-03,L02,asc,-9.347,-15.896,0.7251,that
2025-12-03,L03,asc,-9.951,-15.745,0.834,that
2025-12-03,L04,asc,-10.179,-13.79,1.2133,that
2025-12-03,L05,asc,-6.665,-14.152,0.6055,that
2025-12-03,L06,asc,-11.123,-16.975,0.825,that
2025-12-03,L07,asc,-8.382,-13.945,0.8696,that
2025-12-03,L08,asc,-7.381,-14.585,0.6397,that
2025-12-03,L09,asc,-6.817,-13.757,0.6731,that
2025-12-03,L10,asc,-7.708,-12.583,0.9822,that
2025-12-03,L11,asc,-5.288,-11.239,0.8103,that
2025-12-03,L12,asc,-8.662,-14.179,0.8768,that
2025-12-12,L01,des,-8.612,-14.604,0.8042,that
2025-12-12,L02,des,-8.502,-14.475,0.807,that
2025-12-12,L03,des,-8.055,-13.81,0.8399,that
2025-12-12,L04,des,-5.409,-11.463,0.7951,that
2025-12-12,L05,des,-4.396,-12.053,0.5856,that
2025-12-12,L06,des,-8.605,-12.843,1.0949,that
2025-12-12,L07,des,-6.799,-11.987,0.9297,that
2025-12-12,L08,des,-6.458,-15.843,0.4132,that
2025-12-12,L09,des,-8.58,-14.321,0.842,that
2025-12-12,L10,des,-7.104,-12.532,0.8909,that
2025-12-12,L11,des,-4.066,-12.28,0.5243,that
2025-12-12,L12,des,-7.669,-12.838,0.9329,that
2025-12-15,L01,asc,-10.713,-16.939,0.7701,that
2025-12-15,L02,asc,-9.757,-15.486,0.8439,that
2025-12-15,L03,asc,-9.61,-15.175,0.8693,that
2025-12-15,L04,asc,-8.703,-14.286,0.8663,that
2025-12-15,L05,asc,-6.494,-13.64,0.647,that
2025-12-15,L06,asc,-10.286,-15.074,0.9971,that
2025-12-15,L07,asc,-7.508,-14.105,0.7184,that
2025-12-15,L08,asc,-8.716,-13.803,0.9464,that
2025-12-15,L09,asc,-6.509,-14.011,0.6036,that
2025-12-15,L10,asc,-7.669,-12.37,1.0121,that
2025-12-15,L11,asc,-5.908,-11.386,0.8829,that
2025-12-15,L12,asc,-8.289,-14.228,0.8121,that
2025-12-24,L01,des,-7.897,-14.606,0.7032,that
2025-12-24,L02,des,-7.177,-14.007,0.6873,that
2025-12-24,L03,des,-8.71,-12.932,1.0979,that
2025-12-24,L04,des,-7.059,-12.749,0.8498,that
2025-12-24,L05,des,-6.213,-12.718,0.7309,that
2025-12-24,L06,des,-8.51,-13.823,0.9095,that
2025-12-24,L07,des,-7.37,-12.913,0.8727,that
2025-12-24,L08,des,-6.978,-15.242,0.5191,that
2025-12-24,L09,des,-7.317,-13.979,0.7097,that
2025-12-24,L10,des,-6.065,-12.211,0.7816,that
2025-12-24,L11,des,-3.536,-11.786,0.5206,that
2025-12-24,L12,des,-6.997,-12.0,0.9605,that
2025-12-27,L01,asc,-10.404,-17.004,0.718,that
2025-12-27,L02,asc,-9.878,-15.945,0.7931,that
2025-12-27,L03,asc,-9.25,-15.735,0.7338,that
2025-12-27,L04,asc,-6.92,-13.027,0.7873,that
2025-12-27,L05,asc,-5.921,-11.042,0.9407,that
2025-12-27,L06,asc,-9.174,-14.571,0.8959,that
2025-12-27,L07,asc,-7.528,-14.218,0.7059,that
2025-12-27,L08,asc,-6.704,-14.356,0.5861,that
2025-12-27,L09,asc,-7.508,-14.939,0.6121,that
2025-12-27,L10,asc,-7.551,-14.459,0.6772,that
2025-12-27,L11,asc,-6.279,-12.556,0.7629,that
2025-12-27,L12,asc,-8.09,-13.954,0.8233,that
2026-01-05,L01,des,-9.328,-16.897,0.5958,that
2026-01-05,L02,des,-9.174,-16.101,0.6747,that
2026-01-05,L03,des,-9.107,-16.386,0.6305,that
2026-01-05,L04,des,-8.286,-14.601,0.7576,that
2026-01-05,L05,des,-7.25,-13.621,0.7496,that
2026-01-05,L06,des,-7.787,-14.226,0.7401,that
2026-01-05,L07,des,-7.71,-13.732,0.7997,that
2026-01-05,L08,des,-8.73,-15.482,0.6976,that
2026-01-05,L09,des,-7.253,-15.169,0.5565,that
2026-01-05,L10,des,-7.443,-13.866,0.7424,that
2026-01-05,L11,des,-4.112,-12.908,0.4663,that
2026-01-05,L12,des,-8.274,-13.873,0.864,that
2026-01-08,L01,asc,-9.877,-16.189,0.758,that
2026-01-08,L02,asc,-10.705,-15.453,1.004,that
2026-01-08,L03,asc,-9.527,-14.488,0.9675,that
2026-01-08,L04,asc,-7.944,-14.779,0.6866,that
2026-01-08,L05,asc,-9.013,-13.932,0.9747,that
2026-01-08,L06,asc,-9.069,-15.338,0.764,that
2026-01-08,L07,asc,-7.892,-13.688,0.8335,that
2026-01-08,L08,asc,-9.445,-14.607,0.934,that
2026-01-08,L09,asc,-7.758,-14.125,0.7501,that
2026-01-08,L10,asc,-7.584,-14.963,0.6184,that
2026-01-08,L11,asc,-7.901,-11.943,1.1312,that
2026-01-08,L12,asc,-8.687,-14.498,0.8314,that
2026-01-17,L01,des,-9.047,-16.334,0.6295,that
2026-01-17,L02,des,-9.128,-16.201,0.656,that
2026-01-17,L03,des,-8.316,-16.088,0.5724,that
2026-01-17,L04,des,-8.003,-14.909,0.6774,that
2026-01-17,L05,des,-7.329,-13.776,0.7389,that
2026-01-17,L06,des,-8.26,-17.672,0.4109,that
2026-01-17,L07,des,-7.874,-13.751,0.8215,that
2026-01-17,L08,des,-8.597,-16.644,0.5422,that
2026-01-17,L09,des,-8.076,-15.425,0.622,that
2026-01-17,L10,des,-8.784,-13.853,0.9495,that
2026-01-17,L11,des,-4.801,-13.781,0.4491,that
2026-01-17,L12,des,-7.572,-14.863,0.629,that
2026-01-20,L01,asc,-9.556,-16.772,0.6383,that
2026-01-20,L02,asc,-10.251,-15.379,0.9397,that
2026-01-20,L03,asc,-9.307,-14.839,0.8745,that
2026-01-20,L04,asc,-7.259,-13.276,0.8004,that
2026-01-20,L05,asc,-7.934,-13.638,0.8476,that
2026-01-20,L06,asc,-8.792,-15.459,0.709,that
2026-01-20,L07,asc,-7.607,-13.605,0.8033,that
2026-01-20,L08,asc,-8.656,-14.678,0.7997,that
2026-01-20,L09,asc,-7.563,-14.202,0.7128,that
2026-01-20,L10,asc,-7.411,-13.241,0.8284,that
2026-01-20,L11,asc,-7.163,-12.935,0.8372,that
2026-01-20,L12,asc,-7.953,-14.753,0.6913,that
2026-01-29,L01,des,-9.093,-16.871,0.5717,that
2026-01-29,L02,des,-8.679,-16.008,0.6243,that
2026-01-29,L03,des,-8.617,-15.681,0.6572,that
2026-01-29,L04,des,-7.723,-16.141,0.5034,that
2026-01-29,L05,des,-5.828,-15.221,0.4126,that
2026-01-29,L06,des,-7.746,-14.502,0.697,that
2026-01-29,L07,des,-6.808,-13.895,0.6544,that
2026-01-29,L08,des,-8.291,-15.548,0.6332,that
2026-01-29,L09,des,-7.771,-14.932,0.6451,that
2026-01-29,L10,des,-7.198,-13.307,0.787,that
2026-01-29,L11,des,-5.489,-15.185,0.3875,that
2026-01-29,L12,des,-7.745,-14.161,0.7433,that
2026-02-10,L01,des,-9.013,-17.483,0.4981,that
2026-02-10,L02,des,-8.92,-16.906,0.5487,that
2026-02-10,L03,des,-8.171,-15.614,0.6106,that
2026-02-10,L04,des,-9.723,-14.558,0.9889,that
2026-02-10,L05,des,-5.836,-13.898,0.5404,that
2026-02-10,L06,des,-7.013,-15.776,0.4695,that
2026-02-10,L07,des,-8.334,-13.384,0.9527,that
2026-02-10,L08,des,-8.931,-16.015,0.6548,that
2026-02-10,L09,des,-9.104,-15.375,0.7638,that
2026-02-10,L10,des,-7.412,-13.045,0.8588,that
2026-02-10,L11,des,-4.767,-13.573,0.4653,that
2026-02-10,L12,des,-7.819,-14.378,0.7236,that
2026-02-13,L01,asc,-10.409,-17.471,0.6575,that
2026-02-13,L02,asc,-9.964,-15.223,0.9181,that
2026-02-13,L03,asc,-9.444,-15.428,0.8055,that
2026-02-13,L04,asc,-8.671,-14.439,0.8378,that
2026-02-13,L05,asc,-8.368,-13.827,0.886,that
2026-02-13,L06,asc,-9.997,-15.486,0.8812,that
2026-02-13,L07,asc,-7.568,-12.837,0.9165,that
2026-02-13,L08,asc,-6.379,-15.442,0.4415,that
2026-02-13,L09,asc,-6.924,-14.233,0.6268,that
2026-02-13,L10,asc,-7.412,-13.344,0.8131,that
2026-02-13,L11,asc,-5.702,-11.731,0.7987,that
2026-02-13,L12,asc,-8.228,-15.119,0.6795,that
2026-02-22,L01,des,-8.724,-16.452,0.5775,that
2026-02-22,L02,des,-8.131,-14.978,0.685,that
2026-02-22,L03,des,-8.637,-14.445,0.8318,that
2026-02-22,L04,des,-8.8,-14.975,0.7774,that
2026-02-22,L05,des,-6.375,-13.794,0.6135,that
2026-02-22,L06,des,-7.976,-14.563,0.7198,that
2026-02-22,L07,des,-7.452,-13.111,0.8546,that
2026-02-22,L08,des,-9.045,-15.746,0.7044,that
2026-02-22,L09,des,-8.276,-13.951,0.8522,that
2026-02-22,L10,des,-6.243,-12.772,0.7277,that
2026-02-22,L11,des,-4.262,-12.304,0.5427,that
2026-02-22,L12,des,-6.552,-13.484,0.6741,that
2026-02-25,L01,asc,-10.137,-17.507,0.6194,that
2026-02-25,L02,asc,-8.824,-14.985,0.7795,that
2026-02-25,L03,asc,-9.521,-14.971,0.8874,that
2026-02-25,L04,asc,-7.816,-13.525,0.8469,that
2026-02-25,L05,asc,-8.525,-13.508,0.9638,that
2026-02-25,L06,asc,-10.258,-15.03,0.9998,that
2026-02-25,L07,asc,-7.445,-12.914,0.8844,that
2026-02-25,L08,asc,-8.055,-14.513,0.7376,that
2026-02-25,L09,asc,-6.051,-13.587,0.5997,that
2026-02-25,L10,asc,-6.969,-13.33,0.751,that
2026-02-25,L11,asc,-6.54,-13.475,0.6737,that
2026-02-25,L12,asc,-7.929,-14.735,0.6905,that
2026-03-09,L01,asc,-6.685,-15.244,0.4892,that
2026-03-09,L02,asc,-8.544,-14.05,0.8784,that
2026-03-09,L03,asc,-8.5,-14.057,0.8704,that
2026-03-09,L04,asc,-7.488,-13.023,0.874,that
2026-03-09,L05,asc,-6.007,-11.891,0.8203,that
2026-03-09,L06,asc,-8.327,-15.826,0.604,that
2026-03-09,L07,asc,-6.414,-12.55,0.783,that
2026-03-09,L08,asc,-7.334,-14.551,0.6381,that
2026-03-09,L09,asc,-6.23,-12.675,0.7393,that
2026-03-09,L10,asc,-6.98,-13.653,0.7082,that
2026-03-09,L11,asc,-6.983,-12.453,0.8842,that
2026-03-09,L12,asc,-6.066,-13.804,0.5764,that
2026-03-18,L01,des,-10.675,-17.695,0.6627,that
2026-03-18,L02,des,-9.53,-16.728,0.6404,that
2026-03-18,L03,des,-7.579,-15.825,0.521,that
2026-03-18,L04,des,-8.575,-15.005,0.7414,that
2026-03-18,L05,des,-4.683,-15.865,0.2831,that
2026-03-18,L06,des,-8.662,-15.45,0.6929,that
2026-03-18,L07,des,-8.142,-13.227,0.9467,that
2026-03-18,L08,des,-8.113,-14.147,0.798,that
2026-03-18,L09,des,-8.77,-15.848,0.6555,that
2026-03-18,L10,des,-7.478,-13.994,0.7295,that
2026-03-18,L11,des,-6.294,-12.055,0.839,that
2026-03-18,L12,des,-7.663,-15.319,0.5857,that
2026-03-21,L01,asc,-10.888,-17.886,0.6655,that
2026-03-21,L02,asc,-9.26,-16.212,0.6715,that
2026-03-21,L03,asc,-10.177,-18.125,0.5529,that
2026-03-21,L04,asc,-7.172,-15.68,0.4943,that
2026-03-21,L05,asc,-6.4,-12.771,0.7496,that
2026-03-21,L06,asc,-9.11,-17.52,0.5041,that
2026-03-21,L07,asc,-7.885,-13.335,0.8875,that
2026-03-21,L08,asc,-9.478,-15.651,0.7778,that
2026-03-21,L09,asc,-6.296,-13.682,0.6175,that
2026-03-21,L10,asc,-8.665,-15.696,0.6614,that
2026-03-21,L11,asc,-8.05,-14.211,0.7796,that
2026-03-21,L12,asc,-9.471,-14.954,0.8821,that
2026-03-30,L01,des,-9.827,-16.983,0.6457,that
2026-03-30,L02,des,-8.603,-15.909,0.6272,that
2026-03-30,L03,des,-10.0,-16.897,0.6787,that
2026-03-30,L04,des,-7.934,-16.175,0.5216,that
2026-03-30,L05,des,-8.615,-13.789,0.9321,that
2026-03-30,L06,des,-9.557,-16.915,0.6208,that
2026-03-30,L07,des,-7.86,-13.503,0.857,that
2026-03-30,L08,des,-10.079,-15.509,0.8907,that
2026-03-30,L09,des,-8.855,-14.636,0.836,that
2026-03-30,L10,des,-8.173,-13.503,0.9066,that
2026-03-30,L11,des,-5.539,-12.091,0.7247,that
2026-03-30,L12,des,-8.219,-14.038,0.8302,that
2026-04-02,L01,asc,-10.593,-16.967,0.7492,that
2026-04-02,L02,asc,-10.405,-16.144,0.8424,that
2026-04-02,L03,asc,-10.189,-16.136,0.8108,that
2026-04-02,L04,asc,-9.928,-14.104,1.1064,that
2026-04-02,L05,asc,-8.208,-14.955,0.6983,that
2026-04-02,L06,asc,-8.063,-15.046,0.6675,that
2026-04-02,L07,asc,-8.097,-13.61,0.8774,that
2026-04-02,L08,asc,-8.017,-15.888,0.5614,that
2026-04-02,L09,asc,-6.6,-12.809,0.7726,that
2026-04-02,L10,asc,-7.951,-15.517,0.5961,that
2026-04-02,L11,asc,-5.575,-13.576,0.5471,that
2026-04-02,L12,asc,-8.999,-15.382,0.748,that
2026-04-11,L01,des,-9.271,-15.172,0.8179,that
2026-04-11,L02,des,-9.954,-16.182,0.7698,that
2026-04-11,L03,des,-9.957,-16.718,0.6964,that
2026-04-11,L04,des,-9.65,-16.175,0.7282,that
2026-04-11,L05,des,-8.543,-14.714,0.7779,that
2026-04-11,L06,des,-8.564,-16.524,0.5516,that
2026-04-11,L07,des,-7.705,-13.782,0.7917,that
2026-04-11,L08,des,-8.86,-14.186,0.9073,that
2026-04-11,L09,des,-8.742,-12.843,1.1201,that
2026-04-11,L10,des,-7.589,-13.034,0.8882,that
2026-04-11,L11,des,-5.445,-13.507,0.5406,that
2026-04-11,L12,des,-8.784,-14.934,0.7811,that
2026-04-14,L01,asc,-8.769,-15.364,0.7187,that
2026-04-14,L02,asc,-10.818,-16.123,0.9107,that
2026-04-14,L03,asc,-10.924,-17.206,0.7622,that
2026-04-14,L04,asc,-8.539,-13.961,0.8918,that
2026-04-14,L05,asc,-8.394,-15.275,0.6806,that
2026-04-14,L06,asc,-9.388,-14.119,1.0071,that
2026-04-14,L07,asc,-7.357,-13.594,0.7685,that
2026-04-14,L08,asc,-8.648,-13.691,0.9537,that
2026-04-14,L09,asc,-5.271,-13.756,0.4966,that
2026-04-14,L10,asc,-9.329,-15.117,0.8348,that
2026-04-14,L11,asc,-6.764,-13.586,0.6884,that
2026-04-14,L12,asc,-8.953,-15.083,0.7839,that
2026-04-23,L01,des,-8.509,-13.87,0.9017,that
2026-04-23,L02,des,-7.694,-13.154,0.8858,that
2026-04-23,L03,des,-6.837,-14.237,0.6158,that
2026-04-23,L04,des,-4.741,-14.0,0.4241,that
2026-04-23,L05,des,-5.777,-13.885,0.5356,that
2026-04-23,L06,des,-7.469,-14.024,0.7242,that
2026-04-23,L07,des,-7.047,-13.398,0.7524,that
2026-04-23,L08,des,-8.541,-14.029,0.8814,that
2026-04-23,L09,des,-7.944,-13.707,0.8387,that
2026-04-23,L10,des,-6.658,-12.471,0.8309,that
2026-04-23,L11,des,-4.988,-12.99,0.547,that
2026-04-23,L12,des,-6.337,-13.178,0.6859,that
2026-04-26,L01,asc,-8.239,-13.643,0.8947,that
2026-04-26,L02,asc,-8.739,-14.305,0.8691,that
2026-04-26,L03,asc,-9.593,-14.923,0.9066,that
2026-04-26,L04,asc,-8.324,-13.028,1.0116,that
2026-04-26,L05,asc,-7.205,-13.672,0.7362,that
2026-04-26,L06,asc,-8.417,-13.656,0.9214,that
2026-04-26,L07,asc,-7.175,-12.241,0.95,that
2026-04-26,L08,asc,-8.474,-13.611,0.9382,that
2026-04-26,L09,asc,-6.15,-13.654,0.6034,that
2026-04-26,L10,asc,-6.601,-14.485,0.56,that
2026-04-26,L11,asc,-6.759,-10.891,1.1144,that
2026-04-26,L12,asc,-9.007,-14.431,0.8915,that
2026-05-05,L01,des,-7.788,-14.328,0.7262,that
2026-05-05,L02,des,-7.97,-14.953,0.6675,that
2026-05-05,L03,des,-8.415,-15.461,0.6595,that
2026-05-05,L04,des,-6.203,-13.601,0.6161,that
2026-05-05,L05,des,-7.774,-13.335,0.8699,that
2026-05-05,L06,des,-8.232,-15.874,0.5874,that
2026-05-05,L07,des,-8.186,-13.895,0.847,that
2026-05-05,L08,des,-9.224,-13.998,0.9995,that
2026-05-05,L09,des,-7.869,-13.664,0.8337,that
2026-05-05,L10,des,-7.534,-12.725,0.9292,that
2026-05-05,L11,des,-4.271,-13.678,0.4114,that
2026-05-05,L12,des,-7.236,-14.59,0.6214,that
2026-05-17,L01,des,-6.809,-12.3,0.8808,that
2026-05-17,L02,des,-6.973,-13.576,0.7177,that
2026-05-17,L03,des,-7.796,-14.107,0.7581,that
2026-05-17,L04,des,-6.472,-13.582,0.6514,that
2026-05-17,L05,des,-5.097,-12.22,0.6498,that
2026-05-17,L06,des,-6.153,-14.113,0.5517,that
2026-05-17,L07,des,-7.247,-13.321,0.7923,that
2026-05-17,L08,des,-8.069,-15.316,0.6343,that
2026-05-17,L09,des,-7.198,-12.269,0.9491,that
2026-05-17,L10,des,-5.06,-11.693,0.7135,that
2026-05-17,L11,des,-3.998,-12.663,0.4789,that
2026-05-17,L12,des,-5.969,-14.262,0.5161,that
2026-05-20,L01,asc,-7.784,-12.917,0.9387,that
2026-05-20,L02,asc,-8.722,-14.795,0.7922,that
2026-05-20,L03,asc,-8.917,-13.832,0.9753,that
2026-05-20,L04,asc,-10.084,-12.386,1.4821,that
2026-05-20,L05,asc,-8.584,-12.831,1.0933,that
2026-05-20,L06,asc,-7.774,-15.603,0.5661,that
2026-05-20,L07,asc,-7.838,-12.131,1.0848,that
2026-05-20,L08,asc,-7.047,-12.331,0.9141,that
2026-05-20,L09,asc,-6.207,-12.183,0.8066,that
2026-05-20,L10,asc,-7.407,-14.014,0.717,that
2026-05-20,L11,asc,-6.731,-11.702,0.9658,that
2026-05-20,L12,asc,-7.62,-13.635,0.8008,that
2026-05-29,L01,des,-6.984,-12.79,0.832,that
2026-05-29,L02,des,-7.793,-14.213,0.7428,that
2026-05-29,L03,des,-7.89,-14.065,0.7774,that
2026-05-29,L04,des,-5.403,-12.674,0.6315,that
2026-05-29,L05,des,-6.109,-13.051,0.6728,that
2026-05-29,L06,des,-7.907,-13.669,0.8387,that
2026-05-29,L07,des,-7.519,-12.998,0.8828,that
2026-05-29,L08,des,-6.833,-13.104,0.7637,that
2026-05-29,L09,des,-8.223,-11.514,1.2765,that
2026-05-29,L10,des,-5.959,-12.004,0.7964,that
2026-05-29,L11,des,-4.319,-12.742,0.5029,that
2026-05-29,L12,des,-6.464,-13.239,0.6946,that
2026-06-01,L01,asc,-7.579,-13.453,0.8218,that
2026-06-01,L02,asc,-9.382,-15.006,0.8599,that
2026-06-01,L03,asc,-8.14,-14.386,0.7672,that
2026-06-01,L04,asc,-7.153,-12.617,0.8853,that
2026-06-01,L05,asc,-7.809,-14.088,0.7626,that
2026-06-01,L06,asc,-8.068,-15.106,0.6606,that
2026-06-01,L07,asc,-7.583,-12.926,0.9045,that
2026-06-01,L08,asc,-7.401,-14.347,0.6724,that
2026-06-01,L09,asc,-7.0,-11.637,1.0233,that
2026-06-01,L10,asc,-8.511,-13.732,0.9243,that
2026-06-01,L11,asc,-7.222,-13.137,0.8156,that
2026-06-01,L12,asc,-7.796,-13.398,0.8635,that
2026-06-10,L01,des,-8.318,-13.394,0.9484,that
2026-06-10,L02,des,-8.377,-14.802,0.7421,that
2026-06-10,L03,des,-8.674,-14.863,0.7754,that
2026-06-10,L04,des,-7.567,-12.766,0.928,that
2026-06-10,L05,des,-7.701,-15.117,0.6139,that
2026-06-10,L06,des,-7.84,-14.739,0.6784,that
2026-06-10,L07,des,-8.507,-13.022,1.0448,that
2026-06-10,L08,des,-7.238,-14.359,0.65,that
2026-06-10,L09,des,-8.394,-14.697,0.7592,that
2026-06-10,L10,des,-7.458,-11.848,1.0674,that
2026-06-10,L11,des,-4.722,-14.883,0.3515,that
2026-06-10,L12,des,-6.041,-12.779,0.6994,that
2026-06-13,L01,asc,-8.745,-13.401,1.0199,that
2026-06-13,L02,asc,-9.641,-14.145,1.0469,that
2026-06-13,L03,asc,-8.127,-13.493,0.9009,that
2026-06-13,L04,asc,-7.877,-12.023,1.1117,that
2026-06-13,L05,asc,-8.987,-13.889,0.9777,that
2026-06-13,L06,asc,-9.252,-15.443,0.7751,that
2026-06-13,L07,asc,-7.161,-13.835,0.708,that
2026-06-13,L08,asc,-8.552,-14.065,0.8774,that
2026-06-13,L09,asc,-5.57,-11.486,0.8156,that
2026-06-13,L10,asc,-7.73,-11.796,1.1266,that
2026-06-13,L11,asc,-7.747,-11.464,1.1929,that
2026-06-13,L12,asc,-7.583,-13.332,0.8408,that
2026-06-22,L01,des,-11.129,-16.701,0.8682,that
2026-06-22,L02,des,-9.696,-15.906,0.7724,that
2026-06-22,L03,des,-9.023,-15.061,0.7976,that
2026-06-22,L04,des,-7.008,-13.49,0.7342,that
2026-06-22,L05,des,-9.052,-14.233,0.9309,that
2026-06-22,L06,des,-8.942,-13.928,0.9633,that
2026-06-22,L07,des,-8.448,-14.189,0.842,that
2026-06-22,L08,des,-10.009,-15.458,0.8877,that
2026-06-22,L09,des,-9.072,-13.426,1.0737,that
2026-06-22,L10,des,-7.263,-11.275,1.1368,that
2026-06-22,L11,des,-4.112,-12.141,0.5441,that
2026-06-22,L12,des,-7.065,-13.206,0.7824,that
2026-06-25,L01,asc,-11.763,-17.311,0.8718,that
2026-06-25,L02,asc,-9.785,-16.587,0.691,that
2026-06-25,L03,asc,-9.171,-13.747,1.0341,that
2026-06-25,L04,asc,-8.062,-12.437,1.0699,that
2026-06-25,L05,asc,-9.502,-13.59,1.1226,that
2026-06-25,L06,asc,-8.877,-14.756,0.8211,that
2026-06-25,L07,asc,-6.877,-11.881,0.9604,that
2026-06-25,L08,asc,-9.052,-15.21,0.78,that
2026-06-25,L09,asc,-6.002,-11.148,0.9366,that
2026-06-25,L10,asc,-7.705,-12.336,1.0245,that
2026-06-25,L11,asc,-8.492,-12.004,1.2326,that
2026-06-25,L12,asc,-8.304,-13.748,0.8883,that
2026-06-29,L01,des,-10.434,-17.802,0.6197,that
2026-06-29,L02,des,-9.983,-16.339,0.7517,that
2026-06-29,L03,des,-9.571,-16.844,0.6312,that
2026-06-29,L04,des,-9.455,-14.74,0.9139,that
2026-06-29,L05,des,-9.078,-14.293,0.9254,that
2026-06-29,L06,des,-9.389,-15.561,0.7778,that
2026-06-29,L07,des,-7.983,-13.694,0.8466,that
2026-06-29,L08,des,-9.879,-13.87,1.1406,that
2026-06-29,L09,des,-8.669,-13.103,1.0594,that
2026-06-29,L10,des,-6.037,-10.359,1.0796,that
2026-06-29,L11,des,-4.893,-12.226,0.6239,that
2026-06-29,L12,des,-6.83,-12.916,0.7904,that
2026-07-02,L01,asc,-10.224,-18.091,0.5619,that
2026-07-02,L02,asc,-8.836,-15.168,0.7551,that
2026-07-02,L03,asc,-9.193,-15.298,0.7875,that
2026-07-02,L04,asc,-8.078,-12.797,1.009,that
2026-07-02,L05,asc,-7.724,-12.934,0.9262,that
2026-07-02,L06,asc,-9.201,-14.15,0.9696,that
2026-07-02,L07,asc,-7.016,-12.542,0.8754,that
2026-07-02,L08,asc,-6.242,-13.322,0.6552,that
2026-07-02,L09,asc,-5.375,-11.0,0.8599,that
2026-07-02,L10,asc,-4.963,-12.02,0.6581,that
2026-07-02,L11,asc,-7.437,-12.874,0.8895,that
2026-07-02,L12,asc,-7.412,-13.181,0.8378,that
2026-07-14,L01,asc,-11.395,-18.888,0.6048,that
2026-07-14,L02,asc,-10.06,-16.024,0.8084,that
2026-07-14,L03,asc,-10.628,-16.751,0.785,that
2026-07-14,L04,asc,-6.793,-14.544,0.575,that
2026-07-14,L05,asc,-7.843,-15.119,0.6308,that
2026-07-14,L06,asc,-10.524,-13.74,1.2915,that
2026-07-14,L07,asc,-5.642,-12.291,0.7114,that
2026-07-14,L08,asc,-9.336,-15.226,0.8195,that
2026-07-14,L09,asc,-4.518,-10.507,0.8046,that
2026-07-14,L10,asc,-7.89,-13.226,0.9056,that
2026-07-14,L11,asc,-7.433,-13.327,0.8188,that
2026-07-14,L12,asc,-6.919,-13.747,0.6876,that
2026-07-26,L01,asc,-12.101,-19.107,0.6646,that
2026-07-26,L02,asc,-10.702,-16.136,0.89,that
2026-07-26,L03,asc,-12.063,-16.556,1.0488,that
2026-07-26,L04,asc,-7.202,-12.785,0.8665,that
2026-07-26,L05,asc,-7.978,-13.349,0.9,that
2026-07-26,L06,asc,-9.311,-14.451,0.9377,that
2026-07-26,L07,asc,-6.873,-12.425,0.8712,that
2026-07-26,L08,asc,-8.122,-13.975,0.8251,that
2026-07-26,L09,asc,-4.951,-11.713,0.6963,that
2026-07-26,L10,asc,-8.536,-14.155,0.8608,that
2026-07-26,L11,asc,-8.459,-14.155,0.849,that
2026-07-26,L12,asc,-7.887,-14.235,0.7528,that
2026-08-04,L01,des,-7.122,-14.175,0.6586,that
2026-08-04,L02,des,-7.02,-13.309,0.7611,that
2026-08-04,L03,des,-7.262,-14.178,0.6761,that
2026-08-04,L04,des,-8.503,-13.276,0.9996,that
2026-08-04,L05,des,-6.824,-12.393,0.8687,that
2026-08-04,L06,des,-10.306,-13.059,1.3865,that
2026-08-04,L07,des,-8.044,-13.875,0.8283,that
2026-08-04,L08,des,-8.759,-13.31,1.0385,that
2026-08-04,L09,des,-6.5,-12.646,0.7817,that
2026-08-04,L10,des,-5.118,-10.796,0.8517,that
2026-08-04,L11,des,-4.932,-11.611,0.7074,that
2026-08-04,L12,des,-6.758,-12.269,0.8777,that
2026-08-07,L01,asc,-5.965,-12.808,0.6856,that
2026-08-07,L02,asc,-7.192,-13.816,0.7148,that
2026-08-07,L03,asc,-7.87,-14.314,0.7395,that
2026-08-07,L04,asc,-7.77,-14.963,0.6411,that
2026-08-07,L05,asc,-7.171,-14.095,0.6751,that
2026-08-07,L06,asc,-8.545,-13.311,1.0009,that
2026-08-07,L07,asc,-6.368,-12.387,0.8002,that
2026-08-07,L08,asc,-7.906,-13.504,0.864,that
2026-08-07,L09,asc,-2.813,-11.609,0.4662,that
2026-08-07,L10,asc,-5.936,-10.99,0.9519,that
2026-08-07,L11,asc,-5.989,-13.264,0.631,that
2026-08-07,L12,asc,-6.515,-12.632,0.786,that
