date,L01,L02,L03,L04,L05,L06,L07,L08,L09,L10,L11,L12
2025-08-12,0.2693,0.3693,0.4324,0.7869,0.492,0.4812,0.7857,0.7745,0.7205,0.6201,0.6977,0.3663
2025-08-20,0.4637,0.4677,0.4876,0.8217,0.5686,0.5467,0.8164,0.8315,0.7095,0.5982,0.7377,0.3658
2025-09-14,,,,0.3306,0.2582,0.2072,0.3917,0.2703,0.1557,0.1833,0.4945,0.4653
2025-09-21,0.7013,0.4317,0.3988,0.55,0.5074,0.4896,0.5381,0.4606,0.2993,,0.656,0.4966
2025-10-04,0.7384,0.5396,0.4345,0.8261,0.5445,0.4038,0.8237,0.4091,0.275,0.34,0.7319,0.7161
2025-11-13,0.4117,0.4855,0.5246,0.8098,0.6518,0.4478,0.8002,0.5864,0.3072,0.5555,0.6902,0.7323
2025-11-20,0.3458,0.4927,0.5213,0.8248,0.6819,0.3851,0.8129,0.1945,0.2807,0.5628,0.6777,0.7215
2025-11-23,0.307,0.438,0.4594,0.7506,0.596,0.3747,0.7455,0.2103,0.2668,0.5248,0.6046,0.6359
2025-12-08,0.217,0.2798,0.2885,0.3401,0.3068,0.218,,0.1812,,0.215,0.3038,0.2431
2025-12-18,0.3145,0.5306,0.5952,0.7765,0.6039,0.2931,0.7313,0.2284,0.2926,0.5083,0.583,0.4268
2025-12-23,,,,,,,0.3263,,,0.178,,
2026-01-12,0.1467,,,,0.4136,,,,,,,
2026-03-13,0.2426,0.5472,0.3852,0.7328,0.578,0.3157,0.745,0.2512,0.3499,0.5394,0.5684,0.3882
2026-04-07,0.4324,0.3348,0.2586,0.4152,0.3566,0.2836,0.4592,0.2498,0.3061,0.2998,0.392,0.2726
2026-04-12,0.5351,0.3407,0.2616,0.4495,0.3612,0.279,0.4956,0.2444,0.3197,0.282,0.4204,0.2699
2026-05-27,0.7961,0.5539,0.7064,0.795,0.6668,0.3659,0.7881,0.2729,0.5111,0.3429,0.5623,0.3915
2026-06-01,0.7962,0.6144,0.7441,0.8161,0.7056,0.3905,0.7988,0.2879,0.5127,0.2435,0.5482,0.2747
2026-06-06,0.7409,0.6282,0.7537,0.8262,0.7235,0.365,0.798,0.269,0.5028,0.2292,0.5221,0.2502
2026-06-21,0.2978,0.5019,0.6987,0.8517,0.6952,0.3458,0.8472,0.2774,0.5911,0.2667,0.4876,0.2653
2026-07-11,0.1825,0.5138,0.3099,0.8921,0.7989,0.4208,0.9054,0.4135,0.7488,0.3796,0.602,0.3167
2026-07-18,0.1982,0.4774,0.3575,0.8727,0.7751,0.4233,0.8875,0.4135,0.7301,0.3618,0.5758,0.3268
2026-07-26,0.3123,0.4946,0.4246,0.8192,0.688,0.4386,0.8367,0.4523,0.7117,0.3939,0.5342,
2026-08-10,0.6502,0.5233,0.6174,0.838,0.7281,0.53,0.8419,0.5109,0.7346,0.4027,0.5499,0.3807
