date,lo_id,quang_pct,ndvi,ndmi
2025-08-12,L01,97.3,0.2693,-0.2251
2025-08-20,L01,97.3,0.4637,-0.0749
2025-09-21,L01,97.3,0.7013,0.199
2025-10-04,L01,97.3,0.7384,0.1912
2025-11-13,L01,97.3,0.4117,-0.1013
2025-11-20,L01,97.3,0.3458,-0.1411
2025-11-23,L01,97.3,0.307,-0.1383
2025-12-08,L01,97.3,0.217,-0.1346
2025-12-18,L01,97.3,0.3145,-0.1865
2026-01-12,L01,62.6,0.1467,-0.1425
2026-03-13,L01,97.3,0.2426,-0.2688
2026-04-07,L01,97.3,0.4324,0.0719
2026-04-12,L01,97.3,0.5351,0.138
2026-05-27,L01,97.3,0.7961,0.2732
2026-06-01,L01,70.2,0.7962,0.258
2026-06-06,L01,97.3,0.7409,0.2185
2026-06-21,L01,97.3,0.2978,-0.205
2026-07-11,L01,97.3,0.1825,-0.3112
2026-07-18,L01,97.3,0.1982,-0.3246
2026-07-26,L01,97.3,0.3123,-0.2254
2026-08-10,L01,97.3,0.6502,0.0527
2025-08-12,L02,98.3,0.3693,-0.1309
2025-08-20,L02,98.3,0.4677,-0.0573
2025-09-21,L02,98.3,0.4317,-0.0373
2025-10-04,L02,98.3,0.5396,-0.0252
2025-11-13,L02,98.3,0.4855,-0.0569
2025-11-20,L02,98.3,0.4927,-0.0659
2025-11-23,L02,98.3,0.438,-0.0617
2025-12-08,L02,98.3,0.2798,-0.0137
2025-12-18,L02,98.3,0.5306,-0.0141
2026-03-13,L02,98.3,0.5472,-0.03
2026-04-07,L02,98.3,0.3348,-0.0584
2026-04-12,L02,98.3,0.3407,-0.0688
2026-05-27,L02,98.3,0.5539,-0.009
2026-06-01,L02,92.4,0.6144,0.0315
2026-06-06,L02,98.3,0.6282,0.0732
2026-06-21,L02,98.3,0.5019,-0.0536
2026-07-11,L02,98.3,0.5138,-0.0756
2026-07-18,L02,98.3,0.4774,-0.1426
2026-07-26,L02,98.3,0.4946,-0.0767
2026-08-10,L02,98.3,0.5233,-0.0483
2025-08-12,L03,98.5,0.4324,-0.092
2025-08-20,L03,98.5,0.4876,-0.0519
2025-09-21,L03,95.1,0.3988,-0.0059
2025-10-04,L03,98.5,0.4345,-0.1049
2025-11-13,L03,98.5,0.5246,-0.0193
2025-11-20,L03,98.5,0.5213,-0.0299
2025-11-23,L03,98.5,0.4594,-0.0283
2025-12-08,L03,93.2,0.2885,0.0479
2025-12-18,L03,98.5,0.5952,0.0619
2026-03-13,L03,98.5,0.3852,-0.1431
2026-04-07,L03,98.5,0.2586,-0.1053
2026-04-12,L03,98.5,0.2616,-0.1143
2026-05-27,L03,98.5,0.7064,0.1498
2026-06-01,L03,98.5,0.7441,0.1881
2026-06-06,L03,98.5,0.7537,0.2191
2026-06-21,L03,98.5,0.6987,0.1503
2026-07-11,L03,98.5,0.3099,-0.2171
2026-07-18,L03,98.5,0.3575,-0.19
2026-07-26,L03,98.5,0.4246,-0.1114
2026-08-10,L03,98.5,0.6174,0.0345
2025-08-12,L04,93.2,0.7869,0.3028
2025-08-20,L04,93.2,0.8217,0.3362
2025-09-14,L04,93.2,0.3306,0.2205
2025-09-21,L04,93.2,0.55,0.1916
2025-10-04,L04,93.2,0.8261,0.3459
2025-11-13,L04,93.2,0.8098,0.3606
2025-11-20,L04,93.2,0.8248,0.3607
2025-11-23,L04,93.2,0.7506,0.3464
2025-12-08,L04,67.8,0.3401,0.2412
2025-12-18,L04,93.2,0.7765,0.3356
2026-03-13,L04,93.2,0.7328,0.1824
2026-04-07,L04,93.2,0.4152,0.0946
2026-04-12,L04,93.2,0.4495,0.0935
2026-05-27,L04,93.2,0.795,0.2623
2026-06-01,L04,93.2,0.8161,0.3042
2026-06-06,L04,93.2,0.8262,0.3213
2026-06-21,L04,93.2,0.8517,0.3104
2026-07-11,L04,93.2,0.8921,0.3598
2026-07-18,L04,93.2,0.8727,0.3168
2026-07-26,L04,93.2,0.8192,0.3058
2026-08-10,L04,93.2,0.838,0.3545
2025-08-12,L05,99.1,0.492,0.0765
2025-08-20,L05,99.1,0.5686,0.1083
2025-09-14,L05,99.1,0.2582,0.1385
2025-09-21,L05,99.1,0.5074,0.082
2025-10-04,L05,99.1,0.5445,0.0742
2025-11-13,L05,99.1,0.6518,0.1806
2025-11-20,L05,99.1,0.6819,0.2117
2025-11-23,L05,99.1,0.596,0.1744
2025-12-08,L05,99.1,0.3068,0.1159
2025-12-18,L05,99.1,0.6039,0.1635
2026-01-12,L05,96.9,0.4136,0.1365
2026-03-13,L05,99.1,0.578,0.0869
2026-04-07,L05,99.1,0.3566,0.0169
2026-04-12,L05,99.1,0.3612,0.0111
2026-05-27,L05,99.1,0.6668,0.1838
2026-06-01,L05,99.1,0.7056,0.2291
2026-06-06,L05,99.1,0.7235,0.2619
2026-06-21,L05,99.1,0.6952,0.2009
2026-07-11,L05,99.1,0.7989,0.3066
2026-07-18,L05,99.1,0.7751,0.2599
2026-07-26,L05,99.1,0.688,0.2083
2026-08-10,L05,99.1,0.7281,0.2412
2025-08-12,L06,98.3,0.4812,0.0674
2025-08-20,L06,98.3,0.5467,0.1148
2025-09-14,L06,73.3,0.2072,0.0844
2025-09-21,L06,98.3,0.4896,0.0504
2025-10-04,L06,98.3,0.4038,0.0007
2025-11-13,L06,98.3,0.4478,0.0174
2025-11-20,L06,98.3,0.3851,0.0072
2025-11-23,L06,98.3,0.3747,0.0149
2025-12-08,L06,98.3,0.218,-0.008
2025-12-18,L06,98.3,0.2931,0.0291
2026-03-13,L06,98.3,0.3157,0.0051
2026-04-07,L06,98.3,0.2836,-0.0185
2026-04-12,L06,98.3,0.279,-0.0114
2026-05-27,L06,98.3,0.3659,0.0637
2026-06-01,L06,98.3,0.3905,0.0822
2026-06-06,L06,98.3,0.365,0.0901
2026-06-21,L06,98.3,0.3458,0.0541
2026-07-11,L06,98.3,0.4208,0.1263
2026-07-18,L06,98.3,0.4233,0.0812
2026-07-26,L06,98.3,0.4386,0.0918
2026-08-10,L06,98.3,0.53,0.139
2025-08-12,L07,97.9,0.7857,0.3275
2025-08-20,L07,97.9,0.8164,0.352
2025-09-14,L07,88.9,0.3917,0.2117
2025-09-21,L07,76.9,0.5381,0.1964
2025-10-04,L07,97.9,0.8237,0.3502
2025-11-13,L07,97.9,0.8002,0.3606
2025-11-20,L07,97.9,0.8129,0.3594
2025-11-23,L07,97.9,0.7455,0.3536
2025-12-18,L07,97.9,0.7313,0.3186
2025-12-23,L07,79.6,0.3263,0.1945
2026-03-13,L07,97.9,0.745,0.2694
2026-04-07,L07,97.9,0.4592,0.1978
2026-04-12,L07,97.9,0.4956,0.2164
2026-05-27,L07,97.9,0.7881,0.3087
2026-06-01,L07,97.9,0.7988,0.3467
2026-06-06,L07,97.9,0.798,0.3397
2026-06-21,L07,97.9,0.8472,0.3592
2026-07-11,L07,97.9,0.9054,0.4266
2026-07-18,L07,97.9,0.8875,0.3891
2026-07-26,L07,97.8,0.8367,0.3843
2026-08-10,L07,97.9,0.8419,0.4225
2025-08-12,L08,98.2,0.7745,0.2928
2025-08-20,L08,98.2,0.8315,0.3419
2025-09-14,L08,98.2,0.2703,0.0721
2025-09-21,L08,98.2,0.4606,-0.0284
2025-10-04,L08,98.2,0.4091,-0.0205
2025-11-13,L08,98.2,0.5864,0.0896
2025-11-20,L08,98.2,0.1945,0.0472
2025-11-23,L08,98.2,0.2103,0.0272
2025-12-08,L08,98.2,0.1812,0.0087
2025-12-18,L08,98.2,0.2284,0.0235
2026-03-13,L08,98.2,0.2512,-0.0115
2026-04-07,L08,98.2,0.2498,-0.0055
2026-04-12,L08,98.2,0.2444,-0.0016
2026-05-27,L08,98.2,0.2729,0.0179
2026-06-01,L08,98.2,0.2879,0.0248
2026-06-06,L08,98.2,0.269,0.0359
2026-06-21,L08,98.2,0.2774,0.0153
2026-07-11,L08,98.2,0.4135,0.1188
2026-07-18,L08,98.2,0.4135,0.0712
2026-07-26,L08,98.2,0.4523,0.1049
2026-08-10,L08,98.2,0.5109,0.1143
2025-08-12,L09,100.0,0.7205,0.3118
2025-08-20,L09,100.0,0.7095,0.3213
2025-09-14,L09,100.0,0.1557,-0.0327
2025-09-21,L09,73.0,0.2993,-0.0405
2025-10-04,L09,100.0,0.275,-0.1572
2025-11-13,L09,100.0,0.3072,-0.0984
2025-11-20,L09,100.0,0.2807,-0.1275
2025-11-23,L09,100.0,0.2668,-0.1038
2025-12-18,L09,100.0,0.2926,0.1155
2026-03-13,L09,100.0,0.3499,0.1196
2026-04-07,L09,100.0,0.3061,0.113
2026-04-12,L09,100.0,0.3197,0.1358
2026-05-27,L09,100.0,0.5111,0.2255
2026-06-01,L09,100.0,0.5127,0.2481
2026-06-06,L09,100.0,0.5028,0.2505
2026-06-21,L09,100.0,0.5911,0.2848
2026-07-11,L09,100.0,0.7488,0.4159
2026-07-18,L09,100.0,0.7301,0.3695
2026-07-26,L09,100.0,0.7117,0.3841
2026-08-10,L09,100.0,0.7346,0.4206
2025-08-12,L10,100.0,0.6201,0.1531
2025-08-20,L10,100.0,0.5982,0.1201
2025-09-14,L10,100.0,0.1833,-0.0001
2025-10-04,L10,100.0,0.34,-0.0082
2025-11-13,L10,100.0,0.5555,0.1268
2025-11-20,L10,100.0,0.5628,0.1199
2025-11-23,L10,100.0,0.5248,0.1164
2025-12-08,L10,64.9,0.215,0.2142
2025-12-18,L10,100.0,0.5083,0.1249
2025-12-23,L10,70.2,0.178,0.0707
2026-03-13,L10,100.0,0.5394,0.0936
2026-04-07,L10,100.0,0.2998,-0.0053
2026-04-12,L10,100.0,0.282,-0.0241
2026-05-27,L10,100.0,0.3429,-0.0359
2026-06-01,L10,100.0,0.2435,0.1176
2026-06-06,L10,100.0,0.2292,0.1157
2026-06-21,L10,100.0,0.2667,0.1313
2026-07-11,L10,100.0,0.3796,0.2378
2026-07-18,L10,100.0,0.3618,0.1828
2026-07-26,L10,100.0,0.3939,0.2091
2026-08-10,L10,100.0,0.4027,0.1824
2025-08-12,L11,97.3,0.6977,0.2798
2025-08-20,L11,97.3,0.7377,0.3053
2025-09-14,L11,97.3,0.4945,0.2323
2025-09-21,L11,97.3,0.656,0.2315
2025-10-04,L11,97.3,0.7319,0.2763
2025-11-13,L11,97.3,0.6902,0.255
2025-11-20,L11,97.3,0.6777,0.2451
2025-11-23,L11,97.3,0.6046,0.2447
2025-12-08,L11,97.3,0.3038,0.1995
2025-12-18,L11,97.3,0.583,0.193
2026-03-13,L11,97.3,0.5684,0.1135
2026-04-07,L11,97.3,0.392,0.1083
2026-04-12,L11,97.3,0.4204,0.1112
2026-05-27,L11,97.3,0.5623,0.1224
2026-06-01,L11,97.3,0.5482,0.1257
2026-06-06,L11,97.3,0.5221,0.1077
2026-06-21,L11,97.3,0.4876,0.031
2026-07-11,L11,97.3,0.602,0.1033
2026-07-18,L11,97.3,0.5758,0.0466
2026-07-26,L11,97.3,0.5342,0.0756
2026-08-10,L11,97.3,0.5499,0.0475
2025-08-12,L12,98.0,0.3663,-0.0192
2025-08-20,L12,98.0,0.3658,0.0889
2025-09-14,L12,98.0,0.4653,0.1068
2025-09-21,L12,95.0,0.4966,0.1183
2025-10-04,L12,98.0,0.7161,0.1953
2025-11-13,L12,98.0,0.7323,0.2601
2025-11-20,L12,98.0,0.7215,0.2373
2025-11-23,L12,98.0,0.6359,0.2168
2025-12-08,L12,98.0,0.2431,0.2406
2025-12-18,L12,98.0,0.4268,0.0229
2026-03-13,L12,98.0,0.3882,-0.0507
2026-04-07,L12,98.0,0.2726,-0.0378
2026-04-12,L12,98.0,0.2699,-0.0557
2026-05-27,L12,98.0,0.3915,-0.0375
2026-06-01,L12,98.0,0.2747,0.0897
2026-06-06,L12,98.0,0.2502,0.0832
2026-06-21,L12,98.0,0.2653,0.0675
2026-07-11,L12,98.0,0.3167,0.1397
2026-07-18,L12,98.0,0.3268,0.0891
2026-08-10,L12,98.0,0.3807,0.1153
