lo_id,area_ha,area_ve_tay_ha,chenh_pct,so_ngay_s2,ndvi_tb,ndvi_min,ndvi_max,bien_do,ndmi_tb,so_ngay_s1,vh_db_tb,rvi_tb,cao_do_m,do_doc_deg,loai
L01,1.7496,1.7601,-0.6,21,0.433,0.147,0.796,0.65,-0.051,57,-15.1,0.769,9.38,0.26,"Luân canh rõ — gieo, lớn, thu theo vụ"
L02,0.9172,0.8485,8.1,20,0.478,0.28,0.628,0.348,-0.046,57,-14.98,0.792,9.32,0.56,"Che phủ trung bình, biến động vừa"
L03,0.8107,0.7968,1.7,20,0.483,0.259,0.754,0.495,-0.018,57,-15.09,0.795,10.51,3.32,"Luân canh rõ — gieo, lớn, thu theo vụ"
L04,0.2056,0.162,26.9,21,0.72,0.331,0.892,0.562,0.283,57,-13.68,0.835,13.4,2.79,"Luân canh rõ — gieo, lớn, thu theo vụ"
L05,0.2631,0.2753,-4.4,22,0.577,0.258,0.799,0.541,0.158,57,-13.59,0.779,13.42,2.51,"Luân canh rõ — gieo, lớn, thu theo vụ"
L06,0.2513,0.2385,5.4,21,0.381,0.207,0.547,0.339,0.052,57,-14.59,0.812,12.12,3.88,"Che phủ thưa / đất trống, công trình"
L07,1.9084,1.9075,0.0,21,0.723,0.326,0.905,0.579,0.318,57,-13.07,0.85,12.8,3.78,"Luân canh rõ — gieo, lớn, thu theo vụ"
L08,0.2499,0.2259,10.6,21,0.371,0.181,0.832,0.65,0.064,57,-14.2,0.775,11.23,3.92,"Luân canh rõ — gieo, lớn, thu theo vụ"
L09,0.52,0.5314,-2.1,20,0.466,0.156,0.749,0.593,0.158,57,-13.6,0.748,9.21,2.11,"Luân canh rõ — gieo, lớn, thu theo vụ"
L10,0.3439,0.2626,31.0,21,0.382,0.178,0.62,0.442,0.107,57,-13.04,0.838,8.92,1.5,"Che phủ thưa / đất trống, công trình"
L11,0.423,0.4117,2.7,21,0.569,0.304,0.738,0.434,0.165,57,-12.68,0.7,8.41,1.09,"Che phủ trung bình, biến động vừa"
L12,1.2031,1.2035,-0.0,20,0.415,0.243,0.732,0.489,0.094,57,-13.79,0.785,8.44,0.94,"Luân canh rõ — gieo, lớn, thu theo vụ"
