date,scene,cloud_tile_pct,valid_pct,ndvi_mean,ndvi_p90,ndmi_mean,ndwi_mean,loi
2025-08-12,S2A_48QWH_20250812_0_L2A,38.3,100.0,0.5194,0.8614,0.0596,-0.5026,
2025-08-15,S2B_48QWH_20250815_0_L2A,100,0.0,,,,,
2025-08-20,S2C_48QWH_20250820_0_L2A,50.7,100.0,0.5865,0.8843,0.1251,-0.5439,
2025-08-25,S2B_48QWH_20250825_0_L2A,100,0.0,,,,,
2025-08-30,S2C_48QWH_20250830_0_L2A,97.4,0.0,,,,,
2025-09-01,S2A_48QWH_20250901_0_L2A,100,0.0,,,,,
2025-09-04,S2B_48QWH_20250904_0_L2A,21.4,0.0,,,,,
2025-09-14,S2B_48QWH_20250914_0_L2A,61.6,68.0,0.3478,0.5435,0.1369,-0.3037,
2025-09-19,S2C_48QWH_20250919_0_L2A,82.7,0.0,,,,,
2025-09-21,S2A_48QWH_20250921_0_L2A,17.7,90.8,0.5283,0.725,0.1125,-0.4837,
2025-09-24,S2B_48QWH_20250924_0_L2A,48.1,0.0,,,,,
2025-09-29,S2C_48QWH_20250929_0_L2A,100.0,0.0,,,,,
2025-10-04,S2B_48QWH_20251004_0_L2A,36.5,100.0,0.6391,0.884,0.1409,-0.5858,
2025-10-09,S2C_48QWH_20251009_0_L2A,54.6,0.0,,,,,
2025-10-11,S2A_48QWH_20251011_0_L2A,92.5,0.0,,,,,
2025-10-14,S2B_48QWH_20251014_0_L2A,100,0.0,,,,,
2025-10-19,S2C_48QWH_20251019_0_L2A,41.7,0.0,,,,,
2025-10-24,S2B_48QWH_20251024_0_L2A,100.0,0.0,,,,,
2025-10-29,S2C_48QWH_20251029_1_L2A,97.2,0.0,,,,,
2025-10-31,S2A_48QWH_20251031_0_L2A,100.0,0.0,,,,,
2025-11-03,S2B_48QWH_20251103_0_L2A,100,0.0,,,,,
2025-11-08,S2C_48QWH_20251108_0_L2A,97.4,0.0,,,,,
2025-11-13,S2B_48QWH_20251113_0_L2A,4.1,100.0,0.5917,0.8386,0.1133,-0.5589,
2025-11-18,S2C_48QWH_20251118_1_L2A,99.3,0.0,,,,,
2025-11-20,S2A_48QWH_20251120_0_L2A,9.6,100.0,0.5672,0.8558,0.0972,-0.5465,
2025-11-23,S2B_48QWH_20251123_0_L2A,22.4,100.0,0.5123,0.7822,0.0938,-0.4877,
2025-11-28,S2C_48QWH_20251128_0_L2A,39.9,0.0,,,,,
2025-12-03,S2B_48QWH_20251203_0_L2A,80.5,0.0,,,,,
2025-12-08,S2C_48QWH_20251208_0_L2A,63.9,77.6,0.2508,0.3371,0.0606,-0.2131,
2025-12-10,S2A_48QWH_20251210_0_L2A,93.4,0.0,,,,,
2025-12-13,S2B_48QWH_20251213_0_L2A,99.4,0.0,,,,,
2025-12-18,S2C_48QWH_20251218_0_L2A,25.9,100.0,0.5028,0.7973,0.0739,-0.4729,
2025-12-23,S2B_48QWH_20251223_0_L2A,67.8,24.5,0.2835,0.4527,0.1617,-0.2185,
2025-12-28,S2C_48QWH_20251228_0_L2A,99.6,0.0,,,,,
2025-12-30,S2A_48QWH_20251230_0_L2A,98.2,0.0,,,,,
2026-01-02,S2B_48QWH_20260102_0_L2A,100,0.0,,,,,
2026-01-07,S2C_48QWH_20260107_0_L2A,56.1,0.0,,,,,
2026-01-12,S2B_48QWH_20260112_0_L2A,6.9,35.6,0.292,0.4767,0.0218,-0.2652,
2026-01-17,S2C_48QWH_20260117_0_L2A,95.8,0.0,,,,,
2026-01-22,S2B_48QWH_20260122_0_L2A,100.0,0.0,,,,,
2026-01-27,S2C_48QWH_20260127_0_L2A,86.2,0.0,,,,,
2026-02-01,S2B_48QWH_20260201_0_L2A,100.0,0.0,,,,,
2026-02-06,S2C_48QWH_20260206_0_L2A,87.5,0.0,,,,,
2026-02-11,S2B_48QWH_20260211_0_L2A,96.7,0.0,,,,,
2026-02-16,S2C_48QWH_20260216_0_L2A,55.3,0.0,,,,,
2026-02-21,S2B_48QWH_20260221_0_L2A,36.6,0.0,,,,,
2026-02-26,S2C_48QWH_20260226_0_L2A,99.7,0.0,,,,,
2026-03-03,S2B_48QWH_20260303_0_L2A,96.8,0.0,,,,,
2026-03-08,S2C_48QWH_20260308_0_L2A,92.2,0.0,,,,,
2026-03-13,S2B_48QWH_20260313_0_L2A,50.7,100.0,0.4728,0.8029,0.0048,-0.4653,
2026-03-18,S2C_48QWH_20260318_0_L2A,94.1,0.0,,,,,
2026-03-23,S2B_48QWH_20260323_0_L2A,98.8,0.0,,,,,
2026-03-28,S2C_48QWH_20260328_0_L2A,99.9,0.0,,,,,
2026-03-30,S2A_48QWH_20260330_0_L2A,20.6,13.2,0.0167,0.0257,-0.0107,-0.0459,
2026-04-02,S2B_48QWH_20260402_0_L2A,97.0,0.0,,,,,
2026-04-07,S2C_48QWH_20260407_0_L2A,0.1,100.0,0.3637,0.4859,0.0495,-0.3073,
2026-04-12,S2B_48QWH_20260412_0_L2A,0.7,100.0,0.3943,0.5638,0.0629,-0.3487,
2026-04-17,S2C_48QWH_20260417_0_L2A,99.9,0.0,,,,,
2026-04-19,S2A_48QWH_20260419_0_L2A,100.0,0.0,,,,,
2026-04-22,S2B_48QWH_20260422_0_L2A,25.5,0.0,,,,,
2026-04-27,S2C_48QWH_20260427_0_L2A,28.2,0.0,,,,,
2026-05-07,S2C_48QWH_20260507_1_L2A,94.2,0.0,,,,,
2026-05-07,S2C_48QWH_20260507_0_L2A,94.2,0.0,,,,,
2026-05-09,S2A_48QWH_20260509_0_L2A,100.0,0.0,,,,,
2026-05-12,S2B_48QWH_20260512_0_L2A,64.1,0.0,,,,,
2026-05-17,S2C_48QWH_20260517_0_L2A,97.0,0.0,,,,,
2026-05-22,S2B_48QWH_20260522_0_L2A,87.9,0.0,,,,,
2026-05-27,S2C_48QWH_20260527_0_L2A,12.0,100.0,0.6289,0.842,0.1593,-0.5589,
2026-05-29,S2A_48QWH_20260529_0_L2A,100,0.0,,,,,
2026-06-01,S2B_48QWH_20260601_0_L2A,10.9,93.9,0.6138,0.8496,0.1977,-0.5353,
2026-06-06,S2C_48QWH_20260606_0_L2A,46.5,100.0,0.6086,0.8453,0.1979,-0.5172,
2026-06-11,S2B_48QWH_20260611_0_L2A,99.5,0.0,,,,,
2026-06-16,S2C_48QWH_20260616_0_L2A,100,0.0,,,,,
2026-06-18,S2A_48QWH_20260618_0_L2A,100,0.0,,,,,
2026-06-21,S2B_48QWH_20260621_0_L2A,29.2,100.0,0.5205,0.8977,0.0926,-0.4963,
2026-06-26,S2C_48QWH_20260626_0_L2A,100,0.0,,,,,
2026-07-01,S2B_48QWH_20260701_0_L2A,100,0.0,,,,,
2026-07-06,S2C_48QWH_20260706_0_L2A,92.1,0.0,,,,,
2026-07-08,S2A_48QWH_20260708_0_L2A,93.2,0.0,,,,,
2026-07-11,S2B_48QWH_20260711_0_L2A,74.3,100.0,0.5135,0.9468,0.0858,-0.4867,
2026-07-16,S2C_48QWH_20260716_0_L2A,98.2,0.0,,,,,
2026-07-18,S2A_48QWH_20260718_0_L2A,43.4,100.0,0.5102,0.9264,0.0507,-0.4971,
2026-07-21,S2B_48QWH_20260721_0_L2A,99.7,0.0,,,,,
2026-07-26,S2C_48QWH_20260726_0_L2A,38.3,90.2,0.5553,0.8735,0.0873,-0.5216,
2026-07-31,S2B_48QWH_20260731_0_L2A,100.0,0.0,,,,,
2026-08-05,S2C_48QWH_20260805_0_L2A,99.8,0.0,,,,,
2026-08-07,S2A_48QWH_20260807_0_L2A,99.8,0.0,,,,,
2026-08-10,S2B_48QWH_20260810_0_L2A,29.5,100.0,0.6286,0.8716,0.1717,-0.5557,
