property,depth,value,unit,target_unit
bdod,0-5cm,1.24,cg/cm³,kg/dm³
bdod,5-15cm,1.29,cg/cm³,kg/dm³
bdod,15-30cm,1.36,cg/cm³,kg/dm³
bdod,30-60cm,1.39,cg/cm³,kg/dm³
cec,0-5cm,22.0,mmol(c)/kg,cmol(c)/kg
cec,5-15cm,19.0,mmol(c)/kg,cmol(c)/kg
cec,15-30cm,17.8,mmol(c)/kg,cmol(c)/kg
cec,30-60cm,17.2,mmol(c)/kg,cmol(c)/kg
clay,0-5cm,32.4,g/kg,%
clay,5-15cm,32.5,g/kg,%
clay,15-30cm,37.6,g/kg,%
clay,30-60cm,37.9,g/kg,%
nitrogen,0-5cm,2.9,cg/kg,g/kg
nitrogen,5-15cm,1.93,cg/kg,g/kg
nitrogen,15-30cm,1.68,cg/kg,g/kg
nitrogen,30-60cm,0.86,cg/kg,g/kg
phh2o,0-5cm,5.9,pH,-
phh2o,5-15cm,5.9,pH,-
phh2o,15-30cm,5.9,pH,-
phh2o,30-60cm,6.0,pH,-
sand,0-5cm,28.6,g/kg,%
sand,5-15cm,28.0,g/kg,%
sand,15-30cm,25.0,g/kg,%
sand,30-60cm,24.9,g/kg,%
silt,0-5cm,39.0,g/kg,%
silt,5-15cm,39.5,g/kg,%
silt,15-30cm,37.5,g/kg,%
silt,30-60cm,37.1,g/kg,%
soc,0-5cm,27.7,dg/kg,g/kg
soc,5-15cm,20.9,dg/kg,g/kg
soc,15-30cm,12.4,dg/kg,g/kg
soc,30-60cm,13.0,dg/kg,g/kg
