date,sm_nong,sm_giua,sm_sau,nhiet_dat
2025-08-12,0.1887,0.2313,0.3382,31.1833
2025-08-13,0.2875,0.2142,0.324,30.3292
2025-08-14,0.3257,0.2381,0.317,30.5917
2025-08-15,0.3168,0.2399,0.3135,28.45
2025-08-16,0.3887,0.2767,0.314,26.7708
2025-08-17,0.405,0.3573,0.3131,26.0833
2025-08-18,0.397,0.3778,0.3138,26.1917
2025-08-19,0.428,0.4278,0.3315,26.5
2025-08-20,0.3961,0.4048,0.3428,28.5125
2025-08-21,0.3926,0.3899,0.3437,28.4333
2025-08-22,0.3714,0.3775,0.3434,28.7667
2025-08-23,0.3799,0.3765,0.3406,28.6125
2025-08-24,0.3804,0.382,0.3391,27.8667
2025-08-25,0.4129,0.4046,0.3505,25.3667
2025-08-26,0.4335,0.4342,0.4309,25.4333
2025-08-27,0.4205,0.4235,0.4346,26.1917
2025-08-28,0.4177,0.4137,0.4296,26.7083
2025-08-29,0.4108,0.4131,0.4268,27.1583
2025-08-30,0.4269,0.426,0.4295,26.15
2025-08-31,0.4243,0.4269,0.4365,26.1417
2025-09-01,0.4175,0.4173,0.4322,26.4333
2025-09-02,0.3925,0.4025,0.423,27.6833
2025-09-03,0.3697,0.391,0.4103,29.0542
2025-09-04,0.3394,0.3729,0.3976,29.425
2025-09-05,0.3241,0.3564,0.3855,30.125
2025-09-06,0.3066,0.3417,0.375,30.3208
2025-09-07,0.2717,0.3199,0.3655,30.5292
2025-09-08,0.23,0.2915,0.3562,30.8458
2025-09-09,0.2465,0.2805,0.348,29.7208
2025-09-10,0.2708,0.273,0.3413,29.3
2025-09-11,0.4012,0.3153,0.3303,28.4792
2025-09-12,0.3979,0.3625,0.3165,28.1958
2025-09-13,0.3503,0.3481,0.3002,29.0708
2025-09-14,0.3379,0.3362,0.2859,29.0792
2025-09-15,0.3716,0.3247,0.2702,28.2875
2025-09-16,0.3276,0.3074,0.2552,28.8917
2025-09-17,0.337,0.2962,0.2462,27.8583
2025-09-18,0.3862,0.3034,0.2417,26.8167
2025-09-19,0.3626,0.3182,0.2383,27.7875
2025-09-20,0.3361,0.3334,0.2366,29.3583
2025-09-21,0.3122,0.313,0.231,29.5667
2025-09-22,0.3757,0.3142,0.2297,27.85
2025-09-23,0.3673,0.3407,0.2281,28.675
2025-09-24,0.3217,0.3365,0.228,29.25
2025-09-25,0.3097,0.3237,0.2292,27.8208
2025-09-26,0.3387,0.3191,0.2297,26.825
2025-09-27,0.4241,0.4076,0.2363,27.1083
2025-09-28,0.4275,0.4223,0.2523,25.85
2025-09-29,0.4372,0.4371,0.337,24.8458
2025-09-30,0.4317,0.4352,0.405,25.4333
2025-10-01,0.4102,0.4238,0.4196,26.925
2025-10-02,0.3922,0.4116,0.4195,28.2125
2025-10-03,0.3729,0.3933,0.4168,28.7667
2025-10-04,0.3475,0.3759,0.4132,29.2708
2025-10-05,0.328,0.3612,0.4092,29.35
2025-10-06,0.3953,0.399,0.4093,26.6625
2025-10-07,0.4309,0.4349,0.4323,25.4792
2025-10-08,0.4047,0.4178,0.4294,27.0333
2025-10-09,0.3814,0.3963,0.4255,27.5333
2025-10-10,0.365,0.3806,0.4208,28.2042
2025-10-11,0.3856,0.3767,0.4165,27.5333
2025-10-12,0.3595,0.3705,0.4131,28.2583
2025-10-13,0.3727,0.3673,0.4093,27.0042
2025-10-14,0.4257,0.419,0.4135,25.8792
2025-10-15,0.4083,0.4265,0.4217,26.2917
2025-10-16,0.3945,0.4135,0.4256,27.0083
2025-10-17,0.3702,0.3922,0.4225,27.7833
2025-10-18,0.3568,0.3776,0.4185,28.1875
2025-10-19,0.3924,0.4018,0.4157,27.5333
2025-10-20,0.3807,0.4067,0.4142,27.5792
2025-10-21,0.3615,0.3894,0.4115,26.6625
2025-10-22,0.3415,0.3738,0.4076,25.0458
2025-10-23,0.353,0.3643,0.4037,22.2375
2025-10-24,0.3685,0.36,0.3996,21.5958
2025-10-25,0.3585,0.3575,0.3953,23.5792
2025-10-26,0.3439,0.353,0.3909,24.7542
2025-10-27,0.3166,0.3459,0.3864,24.65
2025-10-28,0.302,0.3315,0.3822,25.0333
2025-10-29,0.2741,0.311,0.3772,25.6167
2025-10-30,0.2917,0.3184,0.3728,24.4083
2025-10-31,0.3734,0.3326,0.3691,23.25
2025-11-01,0.4078,0.3707,0.3662,21.9208
2025-11-02,0.4039,0.3921,0.365,21.8
2025-11-03,0.4161,0.4019,0.365,20.5042
2025-11-04,0.4247,0.4204,0.3699,18.8458
2025-11-05,0.4159,0.4161,0.3802,21.0375
2025-11-06,0.3966,0.4047,0.3819,22.6625
2025-11-07,0.4099,0.4066,0.3838,22.6583
2025-11-08,0.4268,0.4307,0.4058,24.5125
2025-11-09,0.4214,0.4293,0.421,25.225
2025-11-10,0.4008,0.4147,0.4246,25.3667
2025-11-11,0.3896,0.3992,0.4224,24.3833
2025-11-12,0.3783,0.3874,0.4195,23.3542
2025-11-13,0.3583,0.3763,0.4164,23.8417
2025-11-14,0.3552,0.3667,0.4125,23.1875
2025-11-15,0.3453,0.3599,0.4082,23.0875
2025-11-16,0.3362,0.3547,0.4043,23.6417
2025-11-17,0.3366,0.3507,0.4002,23.0333
2025-11-18,0.4057,0.3713,0.3966,20.5
2025-11-19,0.4008,0.3889,0.3941,16.6583
2025-11-20,0.3726,0.3908,0.3916,19.3458
2025-11-21,0.3637,0.3822,0.3887,20.4625
2025-11-22,0.3469,0.3723,0.3856,21.2792
2025-11-23,0.3428,0.364,0.3823,22.0417
2025-11-24,0.3366,0.3565,0.3788,21.9917
2025-11-25,0.3261,0.3503,0.3754,21.7292
2025-11-26,0.3109,0.3433,0.372,20.475
2025-11-27,0.3045,0.3343,0.3685,20.0792
2025-11-28,0.2853,0.3187,0.3648,19.5417
2025-11-29,0.2773,0.3096,0.3612,19.5708
2025-11-30,0.2657,0.3005,0.3574,21.7667
2025-12-01,0.2615,0.2927,0.354,22.1125
2025-12-02,0.243,0.2785,0.3507,24.1083
2025-12-03,0.2673,0.2751,0.3475,22.3792
2025-12-04,0.2937,0.2647,0.3423,22.4208
2025-12-05,0.285,0.2543,0.3303,21.2833
2025-12-06,0.2817,0.2542,0.325,22.075
2025-12-07,0.2791,0.2525,0.3191,21.625
2025-12-08,0.2728,0.245,0.3093,22.2458
2025-12-09,0.2594,0.2425,0.3044,21.8542
2025-12-10,0.245,0.2406,0.3053,22.7875
2025-12-11,0.2478,0.2421,0.304,22.35
2025-12-12,0.2573,0.2428,0.3049,23.0625
2025-12-13,0.3623,0.2727,0.303,21.2708
2025-12-14,0.3831,0.3118,0.3029,18.4333
2025-12-15,0.3381,0.314,0.2998,19.7958
2025-12-16,0.3228,0.3137,0.2986,20.5625
2025-12-17,0.3327,0.3144,0.2972,21.0792
2025-12-18,0.3396,0.3185,0.2966,21.875
2025-12-19,0.3175,0.314,0.2945,22.0083
2025-12-20,0.2962,0.3046,0.2926,22.9542
2025-12-21,0.2857,0.2902,0.2894,22.5583
2025-12-22,0.273,0.2773,0.2873,22.7833
2025-12-23,0.2788,0.2734,0.286,23.0292
2025-12-24,0.2774,0.271,0.2841,23.8375
2025-12-25,0.3356,0.2707,0.2813,20.3875
2025-12-26,0.3087,0.2742,0.2815,20.2917
2025-12-27,0.2934,0.274,0.2808,19.2
2025-12-28,0.2882,0.273,0.2758,19.6333
2025-12-29,0.2823,0.2717,0.2711,20.6833
2025-12-30,0.2862,0.2709,0.2703,21.5833
2025-12-31,0.2815,0.2666,0.2681,21.6583
2026-01-01,0.2925,0.2612,0.267,21.675
2026-01-02,0.3132,0.2608,0.2677,19.2
2026-01-03,0.3154,0.2671,0.2706,18.6458
2026-01-04,0.3133,0.2738,0.274,19.3917
2026-01-05,0.3167,0.276,0.2733,18.7917
2026-01-06,0.3223,0.2837,0.2736,16.7125
2026-01-07,0.3145,0.2873,0.2742,17.25
2026-01-08,0.3156,0.2942,0.2764,16.8458
2026-01-09,0.3037,0.293,0.2754,17.275
2026-01-10,0.2887,0.2885,0.2737,17.9042
2026-01-11,0.281,0.2866,0.2729,18.5458
2026-01-12,0.2672,0.2789,0.2681,18.9458
2026-01-13,0.2615,0.2763,0.2672,20.4042
2026-01-14,0.2507,0.2703,0.2622,20.4167
2026-01-15,0.2515,0.2668,0.2585,20.2042
2026-01-16,0.2535,0.2635,0.2593,21.725
2026-01-17,0.252,0.258,0.2585,21.5333
2026-01-18,0.2657,0.2567,0.2592,22.6375
2026-01-19,0.2647,0.2553,0.2585,22.0042
2026-01-20,0.2629,0.253,0.2585,22.3125
2026-01-21,0.3087,0.2518,0.2583,19.6542
2026-01-22,0.3491,0.268,0.2705,15.9375
2026-01-23,0.3432,0.285,0.2826,16.1042
2026-01-24,0.3496,0.3035,0.2971,16.8875
2026-01-25,0.3561,0.323,0.3001,18.4292
2026-01-26,0.3606,0.3317,0.308,19.8083
2026-01-27,0.346,0.3324,0.306,20.6667
2026-01-28,0.3373,0.333,0.3058,20.5625
2026-01-29,0.3315,0.3309,0.305,20.5875
2026-01-30,0.331,0.3287,0.305,21.675
2026-01-31,0.3243,0.3244,0.304,21.0
2026-02-01,0.3292,0.3278,0.2978,20.6125
2026-02-02,0.3168,0.3193,0.29,19.2083
2026-02-03,0.3123,0.3175,0.2916,19.1208
2026-02-04,0.2912,0.3079,0.29,20.1208
2026-02-05,0.2808,0.2995,0.286,21.4583
2026-02-06,0.2759,0.2934,0.2826,22.7875
2026-02-07,0.2733,0.2865,0.2817,22.825
2026-02-08,0.3573,0.2889,0.2795,18.7083
2026-02-09,0.3669,0.3009,0.2832,15.8042
2026-02-10,0.3358,0.3048,0.2828,18.9917
2026-02-11,0.328,0.3045,0.2799,19.6292
2026-02-12,0.3437,0.3104,0.2792,20.0042
2026-02-13,0.3378,0.3134,0.2789,21.8583
2026-02-14,0.326,0.3124,0.278,22.4542
2026-02-15,0.3143,0.3095,0.2786,23.5833
2026-02-16,0.295,0.3015,0.277,23.65
2026-02-17,0.2918,0.2923,0.273,23.4458
2026-02-18,0.3341,0.3003,0.2777,20.5833
2026-02-19,0.3494,0.3159,0.2841,19.9708
2026-02-20,0.3365,0.318,0.2875,21.5875
2026-02-21,0.3114,0.3099,0.2828,22.0167
2026-02-22,0.3111,0.309,0.2852,21.9708
2026-02-23,0.3173,0.3101,0.2885,23.2583
2026-02-24,0.31,0.3048,0.2871,23.3958
2026-02-25,0.31,0.3042,0.2865,23.2583
2026-02-26,0.3621,0.3336,0.2905,22.6625
2026-02-27,0.3577,0.3452,0.2908,23.7917
2026-02-28,0.3431,0.3393,0.2903,25.1375
2026-03-01,0.3255,0.3305,0.288,26.0667
2026-03-02,0.318,0.3231,0.2872,26.2292
2026-03-03,0.3244,0.3155,0.2868,24.35
2026-03-04,0.3511,0.3179,0.2947,21.4083
2026-03-05,0.3375,0.3204,0.2981,21.1292
2026-03-06,0.348,0.3283,0.3009,21.925
2026-03-07,0.331,0.3251,0.2981,22.4125
2026-03-08,0.3449,0.3231,0.2943,22.9
2026-03-09,0.3667,0.3277,0.2948,21.5458
2026-03-10,0.3682,0.3468,0.2928,20.4083
2026-03-11,0.3444,0.3436,0.2922,20.0958
2026-03-12,0.3328,0.3387,0.2922,20.7583
2026-03-13,0.3277,0.3325,0.2926,20.8292
2026-03-14,0.3173,0.3225,0.2901,21.3083
2026-03-15,0.3137,0.3125,0.2833,22.3167
2026-03-16,0.3169,0.3102,0.2792,22.65
2026-03-17,0.3062,0.3046,0.2778,22.6917
2026-03-18,0.2918,0.2978,0.2758,23.5208
2026-03-19,0.2829,0.2921,0.2738,24.0083
2026-03-20,0.274,0.2849,0.2712,24.15
2026-03-21,0.2818,0.279,0.2702,23.9375
2026-03-22,0.2859,0.2767,0.2705,24.6542
2026-03-23,0.2825,0.2742,0.2687,24.6333
2026-03-24,0.2794,0.274,0.267,25.1708
2026-03-25,0.27,0.2691,0.2641,25.85
2026-03-26,0.2602,0.2633,0.261,26.2
2026-03-27,0.2411,0.2515,0.2573,26.1708
2026-03-28,0.2338,0.2454,0.2567,26.4083
2026-03-29,0.3058,0.2707,0.258,26.3292
2026-03-30,0.2255,0.2424,0.2599,27.65
2026-03-31,0.2213,0.241,0.2633,28.5625
2026-04-01,0.2191,0.2414,0.2643,26.6917
2026-04-02,0.2174,0.2396,0.2655,26.4083
2026-04-03,0.217,0.2425,0.2702,27.8375
2026-04-04,0.2128,0.2449,0.2763,27.0
2026-04-05,0.202,0.2388,0.2769,27.8917
2026-04-06,0.2009,0.2399,0.2835,29.1792
2026-04-07,0.1949,0.2366,0.2849,29.8042
2026-04-08,0.1955,0.2362,0.287,29.7083
2026-04-09,0.2037,0.2403,0.2938,29.6875
2026-04-10,0.2196,0.2484,0.3011,29.2875
2026-04-11,0.2297,0.2541,0.3053,29.4042
2026-04-12,0.2346,0.2588,0.3079,28.9917
2026-04-13,0.2474,0.2637,0.3117,29.2
2026-04-14,0.2598,0.2688,0.316,29.3833
2026-04-15,0.2592,0.2678,0.3163,29.2
2026-04-16,0.2673,0.2708,0.3194,29.0917
2026-04-17,0.3395,0.2926,0.3187,27.1542
2026-04-18,0.3961,0.3493,0.3127,26.5667
2026-04-19,0.3749,0.3581,0.309,26.7167
2026-04-20,0.35,0.351,0.306,26.625
2026-04-21,0.3292,0.3402,0.3034,27.8375
2026-04-22,0.3183,0.3323,0.3102,29.1
2026-04-23,0.3768,0.3541,0.3184,26.7125
2026-04-24,0.3867,0.3599,0.3218,25.1958
2026-04-25,0.3569,0.3566,0.3317,26.2042
2026-04-26,0.3326,0.3464,0.3247,26.3542
2026-04-27,0.3275,0.3377,0.318,26.8375
2026-04-28,0.3095,0.3263,0.3059,27.7542
2026-04-29,0.2854,0.3128,0.2972,26.425
2026-04-30,0.2642,0.2977,0.2888,26.3583
2026-05-01,0.2433,0.2838,0.275,25.8167
2026-05-02,0.2308,0.2712,0.2676,26.8
2026-05-03,0.2669,0.2644,0.2621,26.5333
2026-05-04,0.3803,0.3065,0.2569,23.8292
2026-05-05,0.3126,0.3,0.2532,25.6292
2026-05-06,0.2892,0.292,0.2521,26.9458
2026-05-07,0.2869,0.2838,0.2503,27.3458
2026-05-08,0.3645,0.2884,0.2496,26.3667
2026-05-09,0.3805,0.322,0.248,26.1708
2026-05-10,0.3392,0.3254,0.2467,26.7583
2026-05-11,0.32,0.3173,0.2454,27.4958
2026-05-12,0.3301,0.327,0.2603,28.025
2026-05-13,0.3447,0.339,0.2786,29.0833
2026-05-14,0.3212,0.3265,0.2773,30.6333
2026-05-15,0.2974,0.309,0.2709,31.325
2026-05-16,0.3175,0.301,0.2699,30.4875
2026-05-17,0.3725,0.3134,0.2695,28.6542
2026-05-18,0.4041,0.3827,0.2711,28.475
2026-05-19,0.4241,0.4207,0.2919,28.3542
2026-05-20,0.4214,0.4244,0.3212,28.2708
2026-05-21,0.4276,0.4294,0.3543,27.9625
2026-05-22,0.4023,0.413,0.3704,29.7292
2026-05-23,0.3753,0.3935,0.3719,31.3625
2026-05-24,0.3366,0.3722,0.37,32.3
2026-05-25,0.3185,0.3532,0.3674,32.85
2026-05-26,0.3014,0.3391,0.3648,32.9542
2026-05-27,0.2764,0.3238,0.3617,33.0625
2026-05-28,0.2561,0.3059,0.3584,32.1208
2026-05-29,0.2892,0.3001,0.3569,30.5208
2026-05-30,0.3133,0.3003,0.3542,29.6958
2026-05-31,0.2779,0.2921,0.3518,30.4958
2026-06-01,0.2633,0.287,0.3493,31.5667
2026-06-02,0.2448,0.2757,0.3456,31.9833
2026-06-03,0.254,0.2678,0.3429,32.0167
2026-06-04,0.2937,0.2675,0.3406,31.5542
2026-06-05,0.2477,0.2558,0.3374,30.3958
2026-06-06,0.2205,0.2467,0.3328,31.85
2026-06-07,0.1878,0.2338,0.3252,33.3417
2026-06-08,0.2195,0.2323,0.3215,32.4125
2026-06-09,0.3891,0.2731,0.3194,27.125
2026-06-10,0.3219,0.2501,0.3101,28.35
2026-06-11,0.3472,0.2676,0.3075,27.9292
2026-06-12,0.347,0.3047,0.3066,29.2875
2026-06-13,0.3201,0.3008,0.304,30.85
2026-06-14,0.2883,0.2922,0.2998,32.15
2026-06-15,0.2484,0.2812,0.2985,32.2917
2026-06-16,0.2917,0.2854,0.2996,30.6375
2026-06-17,0.3937,0.3229,0.2971,30.5792
2026-06-18,0.3603,0.3458,0.298,30.7542
2026-06-19,0.3374,0.3444,0.2989,31.4792
2026-06-20,0.3185,0.3331,0.298,31.8875
2026-06-21,0.3073,0.3245,0.3012,32.3875
2026-06-22,0.3288,0.3278,0.31,31.6125
2026-06-23,0.3309,0.3284,0.319,32.4375
2026-06-24,0.2971,0.3153,0.3162,33.15
2026-06-25,0.249,0.294,0.3087,33.3042
2026-06-26,0.237,0.2805,0.3039,32.1042
2026-06-27,0.2046,0.2668,0.3008,31.5333
2026-06-28,0.2903,0.2485,0.2978,30.4792
2026-06-29,0.3848,0.2882,0.3001,29.6458
2026-06-30,0.3963,0.3205,0.2993,29.0792
2026-07-01,0.4082,0.3927,0.2992,29.1625
2026-07-02,0.415,0.4131,0.3101,28.9083
2026-07-03,0.4144,0.4116,0.3184,28.5
2026-07-04,0.4103,0.4145,0.335,28.675
2026-07-05,0.4204,0.4238,0.3596,29.2667
2026-07-06,0.4038,0.4094,0.3696,29.5875
2026-07-07,0.3925,0.4037,0.3724,30.5125
2026-07-08,0.4021,0.402,0.374,29.8875
2026-07-09,0.4071,0.4013,0.3753,29.3625
2026-07-10,0.4153,0.418,0.3805,29.3625
2026-07-11,0.4145,0.4202,0.3873,29.6125
2026-07-12,0.402,0.4145,0.3918,30.0
2026-07-13,0.4053,0.416,0.3973,29.9083
2026-07-14,0.3768,0.4017,0.3973,31.0542
2026-07-15,0.3456,0.3859,0.3952,31.9625
2026-07-16,0.376,0.3743,0.3928,30.7583
2026-07-17,0.3427,0.3622,0.39,31.7083
2026-07-18,0.3276,0.3537,0.3876,31.8875
2026-07-19,0.3047,0.3399,0.3844,31.7917
2026-07-20,0.3092,0.3281,0.3815,30.9583
2026-07-21,0.3872,0.3358,0.3788,29.7083
2026-07-22,0.3626,0.3405,0.3755,30.8417
2026-07-23,0.3738,0.341,0.3735,29.6333
2026-07-24,0.3986,0.3599,0.3718,28.3083
2026-07-25,0.4042,0.4018,0.3716,29.3542
2026-07-26,0.3655,0.389,0.3722,31.2083
2026-07-27,0.3663,0.3777,0.3715,30.4958
2026-07-28,0.4327,0.4283,0.3765,28.1917
2026-07-29,0.4282,0.4315,0.3955,27.9125
2026-07-30,0.4202,0.4272,0.4052,28.1208
2026-07-31,0.4267,0.4328,0.4249,27.375
2026-08-01,0.4176,0.425,0.4337,27.8583
2026-08-02,0.4132,0.4207,0.4297,28.6667
2026-08-03,0.4182,0.4273,0.43,28.9
2026-08-04,0.4243,0.4299,0.43,28.2292
2026-08-05,0.4235,0.4305,0.435,28.325
2026-08-06,0.4185,0.4243,0.4345,28.2708
2026-08-07,0.4224,0.4245,0.4323,27.4083
2026-08-08,0.3899,0.4074,0.4324,29.8583
2026-08-09,0.3518,0.3799,0.425,31.3708
2026-08-10,0.3152,0.3602,0.4181,31.625
2026-08-11,0.3207,0.3522,0.4131,31.2
2026-08-12,0.3132,0.344,0.4068,32.3375
