ym,mua,et0,tmax,tmin,ngay_mua,can_bang,sm_nong,sm_giua,sm_sau
2025-08,422.4,56.7,33.5,23.0,20,365.7,0.4,0.4,0.4
2025-09,454.7,104.2,34.8,23.0,20,350.5,0.4,0.3,0.3
2025-10,247.1,94.0,32.8,17.2,19,153.1,0.4,0.4,0.4
2025-11,97.5,78.3,29.0,11.8,10,19.2,0.4,0.4,0.4
2025-12,78.1,67.4,28.3,12.5,12,10.7,0.3,0.3,0.3
2026-01,33.5,69.7,27.0,9.7,10,-36.2,0.3,0.3,0.3
2026-02,38.2,58.0,29.0,11.9,10,-19.8,0.3,0.3,0.3
2026-03,57.8,86.8,36.5,14.7,9,-29.0,0.3,0.3,0.3
2026-04,78.9,125.2,38.7,21.1,6,-46.3,0.3,0.3,0.3
2026-05,212.8,129.3,37.5,20.0,19,83.5,0.3,0.3,0.3
2026-06,196.3,137.8,38.0,23.1,18,58.5,0.3,0.3,0.3
2026-07,305.9,118.9,35.1,23.7,29,187.0,0.4,0.4,0.4
2026-08,123.5,48.2,35.8,24.5,10,75.3,0.4,0.4,0.4
