date,temperature_2m_max,temperature_2m_min,temperature_2m_mean,relative_humidity_2m_mean,precipitation_sum,rain_sum,precipitation_hours,et0_fao_evapotranspiration,shortwave_radiation_sum,wind_speed_10m_max
2025-08-12,33.5,25.3,29.3,82,3.1,3.1,10.0,4.98,23.03,12.9
2025-08-13,33.3,25.2,28.3,86,10.0,10.0,3.0,4.23,19.85,9.2
2025-08-14,33.5,25.8,29.1,84,3.0,3.0,4.0,4.56,21.12,11.6
2025-08-15,28.7,24.5,26.5,91,6.2,6.2,12.0,2.06,9.79,13.4
2025-08-16,29.6,23.3,25.3,92,16.0,16.0,24.0,2.47,12.01,11.5
2025-08-17,29.1,23.6,25.6,91,13.9,13.9,18.0,1.8,7.82,18.8
2025-08-18,29.8,23.8,25.9,90,11.6,11.6,13.0,1.88,8.16,17.9
2025-08-19,28.2,24.4,26.1,93,25.4,25.4,17.0,1.77,8.25,11.2
2025-08-20,32.7,25.3,28.6,85,1.6,1.6,5.0,4.36,20.01,15.8
2025-08-21,30.7,25.5,28.1,88,10.0,10.0,13.0,2.58,11.64,15.8
2025-08-22,31.2,25.6,28.1,85,1.4,1.4,8.0,3.43,15.56,14.2
2025-08-23,31.1,24.9,27.6,85,8.9,8.9,9.0,3.59,17.28,11.9
2025-08-24,31.8,24.7,26.7,89,13.7,13.7,7.0,3.1,14.69,16.6
2025-08-25,25.7,23.6,24.4,94,87.1,87.1,21.0,0.88,2.61,34.6
2025-08-26,27.2,24.2,25.1,95,67.5,67.5,24.0,1.24,5.97,23.1
2025-08-27,28.1,23.2,25.4,92,20.8,20.8,20.0,2.28,10.94,9.2
2025-08-28,29.7,23.2,25.7,92,23.5,23.5,15.0,2.99,14.93,14.2
2025-08-29,31.0,23.7,26.4,88,8.0,8.0,11.0,3.72,18.27,16.7
2025-08-30,30.0,24.2,25.7,92,62.1,62.1,23.0,2.28,10.97,26.9
2025-08-31,29.1,23.0,25.3,94,28.6,28.6,17.0,2.5,12.71,13.1
2025-09-01,29.5,23.6,25.9,91,13.0,13.0,20.0,2.47,11.92,11.6
2025-09-02,31.3,23.8,26.9,88,2.8,2.8,8.0,3.78,18.5,11.7
2025-09-03,32.3,24.5,28.1,84,0.7,0.7,5.0,4.77,22.6,12.9
2025-09-04,32.8,24.4,28.5,80,0.6,0.6,5.0,4.79,21.87,11.1
2025-09-05,33.2,24.7,28.9,80,0.0,0.0,0.0,5.1,23.29,11.5
2025-09-06,32.9,25.6,28.6,84,0.8,0.8,4.0,4.52,21.29,13.0
2025-09-07,33.3,25.3,29.1,77,0.1,0.1,1.0,5.05,23.28,6.7
2025-09-08,34.8,24.8,29.8,75,0.0,0.0,0.0,5.17,22.74,11.8
2025-09-09,31.5,26.0,28.1,89,6.2,6.2,7.0,2.65,12.23,10.2
2025-09-10,31.6,25.2,28.2,86,6.0,6.0,3.0,3.28,14.71,9.3
2025-09-11,31.0,25.0,27.3,90,26.0,26.0,22.0,3.16,15.25,9.8
2025-09-12,31.5,24.4,27.1,90,9.3,9.3,10.0,3.48,16.91,14.3
2025-09-13,32.1,24.5,27.9,83,0.4,0.4,3.0,4.54,21.59,12.3
2025-09-14,30.6,24.2,27.4,85,3.4,3.4,4.0,3.61,17.38,10.3
2025-09-15,30.5,24.2,26.5,90,14.6,14.6,14.0,2.82,13.98,11.9
2025-09-16,31.4,24.3,27.4,84,1.1,1.1,8.0,4.21,20.14,7.7
2025-09-17,30.1,23.8,26.1,91,15.7,15.7,16.0,2.41,11.84,11.0
2025-09-18,28.1,23.4,25.5,93,19.1,19.1,18.0,2.25,11.15,12.9
2025-09-19,30.8,23.5,26.5,90,4.4,4.4,13.0,3.37,16.46,11.9
2025-09-20,33.2,24.1,28.6,80,0.2,0.2,2.0,4.74,21.57,10.3
2025-09-21,33.3,24.8,28.1,85,15.7,15.7,6.0,4.29,20.27,12.4
2025-09-22,30.0,24.3,26.4,91,13.9,13.9,17.0,2.23,10.61,10.1
2025-09-23,31.8,24.0,27.5,84,0.8,0.8,5.0,4.31,20.53,13.4
2025-09-24,32.8,25.0,28.8,71,0.3,0.3,3.0,5.34,21.77,25.4
2025-09-25,28.4,25.1,26.8,75,1.0,1.0,3.0,2.5,7.86,20.1
2025-09-26,29.9,23.9,25.6,88,18.3,18.3,15.0,2.43,11.26,13.5
2025-09-27,30.9,23.2,26.2,88,57.1,57.1,18.0,3.23,15.39,12.7
2025-09-28,28.7,23.4,25.0,92,62.6,62.6,18.0,1.98,9.54,25.6
2025-09-29,25.8,23.2,24.6,96,105.9,105.9,24.0,0.52,1.39,41.1
2025-09-30,27.5,23.0,24.8,96,54.7,54.7,24.0,1.22,5.7,17.8
2025-10-01,29.2,23.6,26.2,90,2.7,2.7,12.0,2.43,11.78,9.3
2025-10-02,31.8,23.6,27.2,84,1.7,1.7,6.0,3.91,18.55,10.3
2025-10-03,32.5,23.4,27.3,81,0.0,0.0,0.0,4.59,21.39,14.3
2025-10-04,32.1,24.8,27.8,83,1.2,1.2,5.0,3.98,18.97,10.3
2025-10-05,32.8,24.6,27.9,87,2.8,2.8,2.0,3.93,18.52,12.3
2025-10-06,28.1,23.5,25.4,94,39.2,39.2,20.0,1.11,5.03,14.1
2025-10-07,27.1,23.2,24.5,96,86.2,86.2,22.0,0.95,4.26,14.3
2025-10-08,29.4,23.4,26.0,86,5.0,5.0,10.0,2.7,12.71,8.8
2025-10-09,30.8,22.9,26.4,85,2.1,2.1,7.0,3.8,18.28,8.9
2025-10-10,31.5,23.4,27.1,82,0.3,0.3,3.0,4.04,19.04,9.3
2025-10-11,30.5,24.0,25.9,90,12.4,12.4,9.0,2.57,12.71,11.8
2025-10-12,30.7,23.4,27.1,85,1.3,1.3,6.0,3.63,17.41,10.6
2025-10-13,29.1,24.3,25.7,92,11.8,11.8,12.0,2.07,9.99,11.8
2025-10-14,29.5,23.4,24.8,94,26.8,26.8,23.0,1.54,7.13,14.0
2025-10-15,28.3,23.2,25.3,92,14.2,14.2,10.0,2.0,9.63,11.6
2025-10-16,30.5,22.5,25.8,87,7.4,7.4,11.0,3.13,15.29,10.4
2025-10-17,30.6,23.8,26.8,82,2.9,2.9,11.0,3.44,16.04,11.1
2025-10-18,31.2,24.0,27.0,81,0.9,0.9,4.0,3.35,15.36,11.1
2025-10-19,30.2,22.9,26.1,85,8.6,8.6,11.0,3.47,16.73,15.9
2025-10-20,29.9,22.4,25.9,73,0.6,0.6,4.0,4.63,19.35,20.2
2025-10-21,27.1,21.5,24.5,60,0.0,0.0,0.0,5.01,17.28,24.6
2025-10-22,24.6,20.3,22.5,56,0.5,0.5,3.0,4.82,14.89,26.6
2025-10-23,20.8,17.2,19.6,68,2.1,2.1,5.0,2.65,5.51,24.7
2025-10-24,21.8,17.4,19.8,77,0.7,0.7,5.0,2.03,6.43,18.4
2025-10-25,25.9,20.3,22.4,70,0.0,0.0,0.0,3.21,12.45,17.1
2025-10-26,27.0,20.8,23.7,70,0.0,0.0,0.0,3.33,13.61,16.6
2025-10-27,26.3,21.2,23.3,67,0.0,0.0,0.0,2.78,8.68,18.0
2025-10-28,26.4,22.0,23.7,67,0.1,0.1,1.0,2.72,9.84,17.3
2025-10-29,27.4,20.6,24.0,68,0.0,0.0,0.0,3.33,14.99,12.6
2025-10-30,25.6,21.8,23.8,82,9.2,9.2,13.0,1.7,6.1,17.3
2025-10-31,24.2,21.9,22.8,92,6.4,6.4,15.0,1.16,5.27,16.8
2025-11-01,22.1,20.1,20.9,89,5.0,5.0,14.0,1.13,4.23,20.0
2025-11-02,21.9,19.0,20.5,82,1.1,1.1,4.0,1.82,6.22,19.7
2025-11-03,20.4,17.7,19.2,83,3.9,3.9,13.0,1.48,4.17,22.8
2025-11-04,19.1,17.4,18.2,90,5.8,5.8,18.0,0.89,3.38,22.5
2025-11-05,22.9,18.5,20.6,81,0.3,0.3,2.0,1.74,7.69,14.6
2025-11-06,25.1,20.4,22.1,84,0.0,0.0,0.0,1.45,6.24,8.5
2025-11-07,25.0,20.8,22.8,92,11.9,11.9,17.0,1.17,5.16,19.5
2025-11-08,29.0,22.0,24.7,91,14.7,14.7,20.0,2.18,10.21,16.4
2025-11-09,28.3,22.2,24.8,92,31.8,31.8,18.0,2.11,10.45,9.7
2025-11-10,28.4,23.1,25.0,83,0.5,0.5,5.0,2.1,8.75,11.0
2025-11-11,24.6,22.2,23.2,77,0.1,0.1,1.0,1.84,6.53,14.7
2025-11-12,24.8,20.0,22.0,68,0.0,0.0,0.0,2.28,6.85,17.1
2025-11-13,26.4,19.5,22.3,63,0.0,0.0,0.0,3.61,15.3,16.4
2025-11-14,26.4,16.6,21.1,65,0.0,0.0,0.0,3.64,17.83,12.3
2025-11-15,27.2,16.0,21.5,67,0.0,0.0,0.0,3.63,17.17,15.6
2025-11-16,25.5,20.1,22.8,72,0.1,0.1,1.0,2.25,6.44,17.7
2025-11-17,24.9,21.0,22.3,86,5.4,5.4,13.0,1.37,5.57,14.1
2025-11-18,21.4,13.4,18.5,91,12.2,12.2,23.0,0.89,2.71,25.6
2025-11-19,17.6,11.8,14.3,73,4.7,4.7,9.0,2.34,10.39,26.1
2025-11-20,21.5,13.4,17.3,61,0.0,0.0,0.0,3.6,17.03,18.9
2025-11-21,23.5,14.5,18.6,57,0.0,0.0,0.0,3.97,17.27,20.3
2025-11-22,24.0,14.4,19.5,57,0.0,0.0,0.0,3.24,15.29,13.3
2025-11-23,25.5,15.2,20.1,64,0.0,0.0,0.0,3.37,17.18,11.7
2025-11-24,25.9,16.2,20.4,66,0.0,0.0,0.0,3.81,16.96,18.4
2025-11-25,24.2,15.8,19.7,55,0.0,0.0,0.0,4.3,17.28,25.0
2025-11-26,23.7,13.5,17.9,62,0.0,0.0,0.0,3.55,17.46,14.2
2025-11-27,23.9,14.6,18.1,54,0.0,0.0,0.0,4.27,17.74,28.6
2025-11-28,24.3,13.6,18.0,51,0.0,0.0,0.0,3.99,17.89,18.7
2025-11-29,24.2,12.0,17.7,63,0.0,0.0,0.0,3.19,17.51,9.3
2025-11-30,26.2,15.0,20.3,73,0.0,0.0,0.0,3.08,16.16,10.6
2025-12-01,24.9,18.4,21.0,86,1.5,1.5,6.0,1.89,9.22,14.4
2025-12-02,28.3,18.8,23.0,83,0.0,0.0,0.0,2.63,12.82,13.2
2025-12-03,23.8,19.7,21.2,88,4.4,4.4,11.0,1.46,6.55,15.5
2025-12-04,24.4,17.9,20.8,72,0.0,0.0,0.0,2.2,10.07,9.7
2025-12-05,21.1,18.4,19.8,81,0.2,0.2,2.0,1.19,3.78,13.7
2025-12-06,24.2,17.3,20.3,77,0.1,0.1,1.0,2.32,11.37,10.5
2025-12-07,24.8,17.4,20.4,88,0.9,0.9,4.0,1.8,8.89,11.2
2025-12-08,25.1,17.8,20.8,78,0.3,0.3,3.0,2.68,13.61,14.0
2025-12-09,25.6,15.6,20.3,75,0.3,0.3,3.0,2.64,13.1,9.7
2025-12-10,26.2,15.7,20.9,79,0.0,0.0,0.0,2.87,14.45,11.5
2025-12-11,22.8,19.9,21.2,80,0.8,0.8,2.0,1.33,5.21,12.0
2025-12-12,25.6,19.5,22.0,82,0.2,0.2,2.0,1.79,8.47,9.5
2025-12-13,22.5,16.2,20.2,94,37.5,37.5,22.0,0.92,4.34,26.6
2025-12-14,19.0,15.2,16.6,68,4.3,4.3,7.0,1.83,6.07,15.8
2025-12-15,22.0,14.8,18.1,73,0.0,0.0,0.0,1.98,9.72,9.1
2025-12-16,22.8,16.7,19.7,81,0.1,0.1,1.0,1.6,7.62,8.3
2025-12-17,22.9,18.2,20.0,86,4.5,4.5,12.0,1.71,8.27,15.5
2025-12-18,25.6,17.2,20.4,76,0.0,0.0,0.0,2.99,15.34,12.4
2025-12-19,26.6,14.4,19.8,84,0.0,0.0,0.0,3.03,15.87,13.7
2025-12-20,26.1,18.7,21.5,85,0.7,0.7,7.0,2.26,11.23,10.0
2025-12-21,26.0,18.1,21.1,84,1.4,1.4,8.0,2.44,12.48,15.5
2025-12-22,25.7,18.5,21.6,84,1.4,1.4,8.0,2.42,12.41,12.3
2025-12-23,25.9,19.0,21.9,87,1.8,1.8,9.0,2.18,10.64,15.8
2025-12-24,27.0,19.5,22.5,87,1.7,1.7,8.0,2.67,13.23,14.7
2025-12-25,20.7,15.2,17.7,68,13.4,13.4,8.0,2.28,5.61,25.1
2025-12-26,20.5,13.9,16.8,54,0.0,0.0,0.0,3.36,16.44,14.8
2025-12-27,20.8,12.5,16.3,68,0.0,0.0,0.0,2.38,13.09,11.7
2025-12-28,21.5,13.1,17.5,69,0.0,0.0,0.0,1.87,8.82,8.8
2025-12-29,23.7,14.7,19.4,78,0.2,0.2,2.0,2.07,10.11,13.4
2025-12-30,24.6,18.2,20.6,81,1.4,1.4,9.0,2.31,11.21,13.1
2025-12-31,25.0,17.1,20.5,86,1.0,1.0,6.0,2.35,11.53,17.0
2026-01-01,25.2,18.3,20.7,87,5.3,5.3,19.0,1.9,9.58,12.4
2026-01-02,18.5,15.2,17.0,76,0.7,0.7,5.0,1.38,3.57,17.1
2026-01-03,19.5,14.2,16.7,73,0.2,0.2,2.0,1.8,7.55,12.8
2026-01-04,23.0,15.3,18.1,83,0.1,0.1,1.0,1.55,7.77,9.4
2026-01-05,20.2,14.6,17.2,82,3.4,3.4,10.0,1.52,5.37,17.7
2026-01-06,14.8,11.6,14.0,69,0.0,0.0,0.0,1.78,5.27,20.2
2026-01-07,19.8,10.4,14.5,63,0.0,0.0,0.0,2.95,16.3,16.1
2026-01-08,20.6,10.1,14.7,59,0.0,0.0,0.0,3.12,17.27,14.8
2026-01-09,21.4,9.7,15.1,64,0.0,0.0,0.0,3.0,17.28,10.8
2026-01-10,22.6,10.7,16.1,72,0.0,0.0,0.0,3.07,17.16,11.1
2026-01-11,23.2,11.9,16.7,69,0.0,0.0,0.0,3.19,17.04,14.1
2026-01-12,24.2,11.3,17.5,76,0.0,0.0,0.0,2.67,13.63,11.8
2026-01-13,24.9,13.8,18.4,75,0.0,0.0,0.0,3.05,16.3,15.3
2026-01-14,26.4,13.3,18.8,80,0.0,0.0,0.0,3.03,15.06,17.6
2026-01-15,23.0,15.7,18.9,89,0.9,0.9,5.0,1.49,7.23,10.0
2026-01-16,27.0,16.9,21.0,84,0.3,0.3,3.0,2.49,11.2,16.7
2026-01-17,24.4,18.0,20.6,90,2.9,2.9,11.0,1.7,8.43,12.1
2026-01-18,26.8,19.1,21.6,86,1.9,1.9,11.0,2.73,13.84,16.5
2026-01-19,26.3,16.7,20.9,84,0.1,0.1,1.0,2.57,11.69,17.7
2026-01-20,25.3,18.9,21.4,88,1.6,1.6,10.0,2.37,11.88,17.4
2026-01-21,20.7,14.5,18.0,88,7.6,7.6,17.0,1.15,4.99,16.3
2026-01-22,14.0,11.1,12.2,77,1.4,1.4,6.0,1.29,4.59,18.9
2026-01-23,18.3,9.8,13.7,73,0.3,0.3,3.0,2.06,11.19,12.3
2026-01-24,18.6,12.3,15.1,78,0.1,0.1,1.0,1.81,9.26,10.9
2026-01-25,23.8,13.2,18.0,85,0.1,0.1,1.0,2.12,10.5,16.8
2026-01-26,23.6,16.6,19.3,89,3.7,3.7,12.0,1.9,9.74,12.1
2026-01-27,24.6,16.6,19.9,83,0.5,0.5,5.0,2.16,10.32,11.3
2026-01-28,25.4,14.7,18.7,80,0.0,0.0,0.0,3.01,15.07,14.8
2026-01-29,25.4,15.0,19.8,85,0.2,0.2,2.0,2.35,11.13,18.2
2026-01-30,25.7,17.3,21.0,85,1.0,1.0,7.0,2.89,14.58,17.0
2026-01-31,23.4,17.9,19.9,87,1.2,1.2,6.0,1.6,7.41,15.7
2026-02-01,21.9,15.5,18.6,73,0.2,0.2,2.0,2.06,9.34,10.7
2026-02-02,20.5,14.2,17.0,75,0.2,0.2,2.0,1.86,8.22,14.4
2026-02-03,21.7,12.9,17.3,75,0.0,0.0,0.0,2.25,11.55,9.6
2026-02-04,24.1,14.6,18.8,85,0.2,0.2,2.0,2.2,10.58,15.4
2026-02-05,27.3,17.2,21.0,86,0.5,0.5,3.0,2.43,11.66,17.3
2026-02-06,25.3,20.3,22.1,88,0.7,0.7,5.0,1.89,8.75,14.3
2026-02-07,26.3,19.1,21.9,85,1.1,1.1,5.0,2.3,10.49,16.0
2026-02-08,19.8,12.2,16.1,89,15.0,15.0,21.0,0.92,3.67,24.5
2026-02-09,16.4,11.9,13.5,86,1.1,1.1,5.0,1.11,5.86,15.7
2026-02-10,24.0,14.0,18.3,79,0.0,0.0,0.0,2.09,10.0,11.9
2026-02-11,21.4,17.5,19.1,90,1.0,1.0,5.0,1.07,5.08,9.0
2026-02-12,24.2,17.5,19.7,89,2.1,2.1,7.0,1.52,6.9,14.8
2026-02-13,25.2,18.9,21.9,85,0.8,0.8,4.0,2.29,10.16,16.1
2026-02-14,26.2,18.7,21.7,85,0.2,0.2,2.0,2.59,11.64,15.1
2026-02-15,27.6,19.4,22.4,82,0.0,0.0,0.0,3.66,18.23,18.0
2026-02-16,28.3,19.1,22.4,83,0.2,0.2,2.0,3.46,16.74,16.2
2026-02-17,26.3,19.5,22.4,83,2.7,2.7,11.0,2.56,11.85,16.9
2026-02-18,21.6,18.1,19.5,83,3.9,3.9,14.0,1.2,4.5,13.4
2026-02-19,21.5,17.6,19.4,83,0.9,0.9,6.0,1.09,4.23,10.7
2026-02-20,24.7,16.5,20.0,80,0.1,0.1,1.0,2.7,13.5,13.2
2026-02-21,27.7,17.4,21.2,84,0.0,0.0,0.0,3.02,14.85,19.0
2026-02-22,24.4,19.8,21.9,91,2.0,2.0,10.0,1.09,4.44,15.3
2026-02-23,26.6,21.4,23.4,85,0.4,0.4,4.0,2.1,8.56,18.6
2026-02-24,25.6,21.7,23.4,87,0.4,0.4,4.0,1.34,4.76,13.6
2026-02-25,26.3,20.7,22.8,87,1.6,1.6,10.0,2.26,10.45,13.5
2026-02-26,24.5,20.7,21.9,91,2.0,2.0,8.0,1.41,6.73,10.3
2026-02-27,28.0,20.3,23.8,85,0.2,0.2,2.0,2.79,13.27,15.1
2026-02-28,29.0,22.6,24.8,89,0.7,0.7,6.0,2.7,12.69,17.3
2026-03-01,31.8,21.7,25.6,85,0.6,0.6,2.0,3.81,18.08,16.1
2026-03-02,31.7,21.9,25.5,88,2.0,2.0,3.0,3.22,15.17,12.4
2026-03-03,24.5,20.4,22.4,81,4.1,4.1,8.0,2.28,9.36,20.2
2026-03-04,22.8,16.5,19.1,74,2.4,2.4,5.0,2.76,13.06,15.6
2026-03-05,22.4,15.7,19.6,83,0.0,0.0,0.0,1.55,7.39,7.8
2026-03-06,24.4,19.0,21.2,81,0.5,0.5,4.0,2.33,10.72,13.8
2026-03-07,25.8,18.2,21.4,80,0.1,0.1,1.0,2.77,12.36,14.4
2026-03-08,25.7,19.7,22.2,84,1.0,1.0,7.0,2.39,10.69,15.1
2026-03-09,24.8,17.1,20.2,87,7.6,7.6,16.0,2.0,8.97,23.0
2026-03-10,22.3,15.8,18.5,65,0.6,0.6,3.0,3.85,17.23,19.1
2026-03-11,22.1,14.7,18.4,82,0.0,0.0,0.0,1.95,9.45,9.7
2026-03-12,23.8,17.5,19.9,77,0.0,0.0,0.0,2.29,10.39,13.8
2026-03-13,24.9,16.8,20.3,73,0.0,0.0,0.0,3.18,14.26,16.4
2026-03-14,23.8,18.8,20.7,80,1.0,1.0,7.0,2.02,8.28,16.3
2026-03-15,24.7,18.3,21.2,84,1.0,1.0,8.0,2.78,14.27,12.4
2026-03-16,25.4,18.3,21.6,83,0.6,0.6,4.0,3.02,14.65,17.5
2026-03-17,26.2,19.2,22.4,83,0.4,0.4,4.0,2.86,13.25,20.1
2026-03-18,26.7,19.2,22.9,85,0.0,0.0,0.0,2.65,12.17,16.7
2026-03-19,27.7,20.7,23.5,86,0.3,0.3,3.0,3.07,14.61,20.2
2026-03-20,26.9,21.6,23.9,87,0.9,0.9,8.0,2.16,9.16,17.4
2026-03-21,26.1,21.4,23.5,88,2.3,2.3,12.0,2.11,9.17,18.9
2026-03-22,28.4,21.8,24.2,85,0.8,0.8,6.0,3.05,13.65,19.1
2026-03-23,27.1,22.6,24.4,86,0.1,0.1,1.0,2.44,10.61,19.1
2026-03-24,28.1,23.0,24.9,85,0.0,0.0,0.0,2.67,11.42,17.7
2026-03-25,28.6,23.0,25.1,84,0.0,0.0,0.0,3.49,16.26,17.8
2026-03-26,29.2,23.1,25.3,87,0.7,0.7,4.0,2.89,13.41,17.6
2026-03-27,28.3,23.3,25.3,88,0.2,0.2,2.0,2.27,9.87,15.7
2026-03-28,28.9,23.1,25.6,87,0.6,0.6,5.0,2.78,12.57,14.5
2026-03-29,29.4,23.2,25.6,89,29.9,29.9,5.0,2.77,13.19,17.2
2026-03-30,32.8,24.0,27.7,81,0.0,0.0,0.0,4.26,17.95,19.3
2026-03-31,36.5,23.4,29.1,71,0.1,0.1,1.0,5.11,20.59,15.4
2026-04-01,27.5,21.8,24.7,79,0.4,0.4,3.0,2.63,10.76,13.9
2026-04-02,30.4,21.6,25.5,84,0.3,0.3,2.0,3.16,14.07,18.6
2026-04-03,35.3,23.8,27.6,83,0.0,0.0,0.0,4.32,19.17,15.6
2026-04-04,29.6,23.2,25.8,84,0.2,0.2,2.0,2.68,11.56,15.7
2026-04-05,33.7,22.6,27.5,80,0.0,0.0,0.0,4.42,18.55,16.8
2026-04-06,38.2,24.9,31.2,61,0.0,0.0,0.0,6.05,21.21,17.0
2026-04-07,38.7,25.4,31.3,61,0.0,0.0,0.0,5.5,20.88,12.7
2026-04-08,36.8,25.2,29.9,69,0.0,0.0,0.0,5.28,20.71,16.2
2026-04-09,34.9,24.9,29.1,77,0.0,0.0,0.0,5.0,21.17,17.0
2026-04-10,37.3,23.8,30.1,66,0.0,0.0,0.0,5.88,22.14,16.7
2026-04-11,37.8,23.4,30.3,53,0.0,0.0,0.0,6.33,22.14,19.5
2026-04-12,37.6,23.9,30.1,60,0.0,0.0,0.0,5.93,22.12,13.9
2026-04-13,35.1,23.8,29.0,77,0.0,0.0,0.0,5.01,21.96,13.8
2026-04-14,33.9,24.8,28.6,83,0.0,0.0,0.0,4.82,21.91,14.7
2026-04-15,33.2,24.7,28.2,85,0.0,0.0,0.0,4.5,20.85,15.5
2026-04-16,33.0,24.4,28.0,85,0.0,0.0,0.0,4.36,20.09,17.0
2026-04-17,28.2,24.1,26.1,93,23.1,23.1,17.0,2.03,9.71,16.2
2026-04-18,28.8,23.2,25.7,87,7.6,7.6,16.0,3.02,14.39,12.2
2026-04-19,29.1,24.1,26.0,83,1.3,1.3,9.0,3.15,14.3,16.7
2026-04-20,29.2,23.3,25.9,86,0.4,0.4,4.0,2.55,10.85,17.2
2026-04-21,33.2,24.6,27.6,82,0.0,0.0,0.0,4.22,18.83,17.4
2026-04-22,34.8,24.6,28.8,81,0.0,0.0,0.0,4.97,22.22,15.5
2026-04-23,26.9,22.7,25.1,86,35.0,35.0,7.0,2.08,9.64,24.9
2026-04-24,27.2,22.6,24.0,86,8.8,8.8,9.0,2.48,11.57,12.2
2026-04-25,29.1,22.2,25.0,80,0.0,0.0,0.0,4.23,20.45,14.5
2026-04-26,29.8,22.4,25.4,83,1.0,1.0,4.0,3.72,17.38,11.9
2026-04-27,31.2,23.0,26.4,84,0.8,0.8,8.0,4.12,19.33,16.5
2026-04-28,33.0,23.4,27.4,83,0.0,0.0,0.0,4.35,19.81,14.0
2026-04-29,27.6,22.7,25.0,72,0.0,0.0,0.0,3.86,16.06,27.7
2026-04-30,26.8,21.1,23.7,66,0.0,0.0,0.0,4.58,21.31,13.0
2026-05-01,28.6,20.8,24.4,76,0.0,0.0,0.0,3.94,18.17,15.1
2026-05-02,32.3,22.7,26.6,82,2.1,2.1,3.0,3.91,17.69,18.0
2026-05-03,29.7,22.5,25.4,91,26.5,26.5,11.0,2.48,12.16,18.1
2026-05-04,25.8,20.0,22.4,81,12.9,12.9,13.0,2.73,12.9,18.5
2026-05-05,28.9,20.7,24.8,79,0.0,0.0,0.0,3.48,16.31,15.2
2026-05-06,30.6,22.8,26.5,82,0.0,0.0,0.0,4.15,19.22,18.0
2026-05-07,30.4,24.4,27.0,88,6.5,6.5,12.0,3.24,15.58,15.4
2026-05-08,29.4,23.9,25.4,91,15.8,15.8,18.0,2.71,13.32,11.1
2026-05-09,27.9,23.3,25.1,86,7.2,7.2,12.0,2.88,14.01,12.8
2026-05-10,28.5,23.4,25.6,79,0.0,0.0,0.0,3.19,14.62,9.9
2026-05-11,30.7,22.9,26.5,81,0.6,0.6,5.0,4.13,19.54,13.6
2026-05-12,32.3,24.1,27.2,87,5.3,5.3,6.0,4.22,20.5,15.0
2026-05-13,32.8,25.6,28.4,87,3.9,3.9,7.0,4.32,20.4,12.0
2026-05-14,35.2,26.4,30.6,74,0.7,0.7,2.0,5.34,21.87,16.8
2026-05-15,35.9,26.4,30.6,73,1.4,1.4,3.0,5.01,21.6,10.0
2026-05-16,35.5,25.5,29.0,85,23.1,23.1,13.0,4.0,18.74,13.7
2026-05-17,30.5,26.0,27.3,93,14.6,14.6,18.0,2.81,13.88,8.8
2026-05-18,31.4,25.1,27.7,91,12.1,12.1,18.0,3.52,17.1,10.1
2026-05-19,31.2,25.4,27.4,93,26.3,26.3,21.0,3.14,15.54,13.3
2026-05-20,30.7,25.3,27.6,89,20.4,20.4,18.0,3.31,15.84,14.1
2026-05-21,29.0,26.0,27.5,94,17.2,17.2,17.0,1.95,9.36,15.6
2026-05-22,33.6,26.7,29.6,82,1.3,1.3,4.0,4.35,18.71,16.8
2026-05-23,35.3,27.8,31.3,69,0.0,0.0,0.0,6.03,23.09,16.6
2026-05-24,36.2,28.1,31.9,66,0.0,0.0,0.0,6.56,25.17,16.8
2026-05-25,36.6,28.2,32.4,64,0.0,0.0,0.0,6.66,25.5,14.8
2026-05-26,36.7,27.5,32.4,66,0.2,0.2,1.0,6.44,25.71,13.4
2026-05-27,37.5,28.2,32.2,69,0.8,0.8,2.0,6.17,25.47,15.5
2026-05-28,36.2,26.9,30.9,79,1.3,1.3,4.0,5.51,24.65,12.4
2026-05-29,30.8,26.1,28.4,87,7.7,7.7,8.0,3.71,18.15,7.4
2026-05-30,32.6,23.7,27.9,85,4.3,4.3,9.0,4.17,19.45,12.1
2026-05-31,33.0,24.5,28.5,81,0.6,0.6,4.0,5.23,24.31,13.9
2026-06-01,34.1,25.7,29.9,78,0.7,0.7,3.0,5.68,25.35,13.1
2026-06-02,34.2,27.0,30.3,80,1.7,1.7,5.0,5.22,23.18,15.2
2026-06-03,36.4,27.4,30.6,81,2.5,2.5,4.0,5.33,23.65,12.8
2026-06-04,36.9,26.7,30.3,84,8.3,8.3,7.0,5.29,23.88,11.3
2026-06-05,33.2,23.9,28.4,83,1.3,1.3,5.0,3.77,17.33,11.6
2026-06-06,35.1,27.1,31.0,75,0.5,0.5,2.0,5.15,21.41,13.5
2026-06-07,36.4,29.3,32.7,60,0.0,0.0,0.0,6.55,24.16,14.1
2026-06-08,37.3,25.0,30.7,70,26.8,26.8,9.0,5.81,23.41,26.1
2026-06-09,28.2,23.1,25.1,84,31.7,31.7,15.0,2.75,12.9,15.6
2026-06-10,31.0,24.2,27.3,72,0.0,0.0,0.0,3.95,17.11,11.4
2026-06-11,29.0,25.1,26.8,82,6.6,6.6,10.0,2.74,12.86,8.8
2026-06-12,32.7,24.9,28.3,85,2.4,2.4,9.0,4.47,21.11,12.9
2026-06-13,34.6,26.5,30.3,79,0.1,0.1,1.0,4.79,20.58,12.3
2026-06-14,35.5,27.2,31.5,70,0.0,0.0,0.0,5.35,22.05,13.0
2026-06-15,35.7,28.7,31.2,73,2.4,2.4,4.0,3.84,15.09,10.0
2026-06-16,32.2,27.4,29.4,86,7.4,7.4,10.0,2.83,12.02,11.7
2026-06-17,34.5,26.5,30.0,82,13.7,13.7,15.0,4.2,18.1,12.3
2026-06-18,35.1,27.1,30.5,77,1.7,1.7,1.0,4.17,16.91,12.7
2026-06-19,34.7,28.4,31.1,69,0.0,0.0,0.0,3.91,13.74,12.8
2026-06-20,36.0,26.4,31.0,72,1.2,1.2,3.0,4.98,19.32,12.5
2026-06-21,35.7,27.3,31.0,74,0.1,0.1,1.0,5.34,22.79,14.0
2026-06-22,34.2,27.0,30.6,75,0.0,0.0,0.0,3.98,15.56,10.7
2026-06-23,36.3,27.7,31.7,65,0.0,0.0,0.0,6.13,24.7,15.9
2026-06-24,36.8,28.0,32.5,63,0.3,0.3,1.0,6.27,24.8,16.6
2026-06-25,38.0,28.9,33.0,65,0.1,0.1,1.0,5.78,22.7,14.2
2026-06-26,33.5,28.0,30.2,81,1.6,1.6,5.0,4.69,21.46,16.9
2026-06-27,32.9,25.6,29.3,84,19.7,19.7,12.0,4.26,19.96,11.5
2026-06-28,33.7,25.4,28.8,88,18.0,18.0,16.0,4.16,19.63,8.9
2026-06-29,31.3,25.4,28.1,89,25.5,25.5,20.0,3.1,14.41,13.1
2026-06-30,32.3,25.7,27.5,91,22.0,22.0,16.0,3.28,15.61,10.1
2026-07-01,31.5,25.1,27.6,89,13.7,13.7,18.0,3.56,17.0,13.0
2026-07-02,31.2,25.2,27.6,91,7.5,7.5,14.0,3.34,16.46,8.6
2026-07-03,31.2,24.6,27.4,89,20.9,20.9,20.0,3.27,16.16,16.9
2026-07-04,32.3,25.5,28.0,85,5.2,5.2,9.0,3.92,17.76,23.0
2026-07-05,32.2,26.1,28.8,86,11.2,11.2,16.0,3.2,13.92,13.5
2026-07-06,32.9,25.4,28.8,80,4.3,4.3,8.0,3.87,15.9,17.2
2026-07-07,34.6,25.6,29.3,82,5.2,5.2,8.0,4.98,23.05,12.6
2026-07-08,31.1,26.7,28.5,93,12.2,12.2,14.0,3.4,16.42,5.6
2026-07-09,31.2,26.5,28.1,91,8.4,8.4,19.0,3.06,14.74,12.4
2026-07-10,32.8,25.4,28.0,90,11.9,11.9,14.0,4.25,20.57,8.7
2026-07-11,32.9,26.3,28.5,87,8.3,8.3,10.0,4.24,20.33,10.9
2026-07-12,32.9,26.3,28.4,89,9.0,9.0,11.0,4.74,22.99,12.1
2026-07-13,33.2,25.9,28.4,89,4.2,4.2,10.0,4.62,22.59,13.3
2026-07-14,34.3,26.8,29.3,86,1.0,1.0,4.0,4.67,21.96,12.2
2026-07-15,34.1,27.0,30.5,80,1.1,1.1,3.0,4.22,17.74,18.4
2026-07-16,33.6,26.3,29.5,81,9.2,9.2,8.0,3.4,14.39,12.7
2026-07-17,34.2,27.4,30.3,74,1.4,1.4,6.0,4.62,19.44,12.9
2026-07-18,35.1,26.6,30.4,72,1.3,1.3,6.0,5.49,23.78,14.2
2026-07-19,34.2,27.7,30.4,69,0.7,0.7,3.0,4.79,19.2,13.0
2026-07-20,32.5,26.8,29.1,80,2.7,2.7,8.0,3.97,17.53,11.0
2026-07-21,33.3,26.2,28.5,83,17.1,17.1,11.0,3.63,16.19,14.4
2026-07-22,33.3,25.8,29.3,82,1.1,1.1,8.0,5.16,24.35,7.7
2026-07-23,31.0,24.7,27.9,88,3.4,3.4,11.0,3.36,16.19,10.7
2026-07-24,29.5,25.3,26.7,95,16.8,16.8,20.0,2.25,11.13,11.4
2026-07-25,31.8,24.1,27.8,87,5.7,5.7,14.0,4.01,19.01,10.9
2026-07-26,34.0,25.2,29.4,82,0.3,0.3,3.0,5.33,24.57,12.3
2026-07-27,33.2,25.8,28.6,89,14.2,14.2,8.0,3.53,17.01,8.2
2026-07-28,28.7,25.0,26.5,95,39.6,39.6,24.0,1.94,9.41,8.0
2026-07-29,30.7,23.7,26.2,91,24.5,24.5,18.0,2.66,13.13,12.2
2026-07-30,30.3,24.2,26.4,92,16.8,16.8,17.0,2.87,14.26,9.8
2026-07-31,28.6,24.5,26.2,93,27.0,27.0,21.0,2.54,12.49,9.3
2026-08-01,29.5,24.5,27.0,91,19.1,19.1,16.0,3.01,14.58,8.8
2026-08-02,31.3,24.9,27.6,91,8.1,8.1,14.0,3.68,17.88,7.6
2026-08-03,31.9,25.0,27.3,91,22.1,22.1,19.0,3.37,16.16,12.5
2026-08-04,29.7,25.3,27.0,94,20.6,20.6,20.0,3.27,16.17,8.8
2026-08-05,31.0,25.3,27.0,92,18.7,18.7,22.0,3.39,16.71,11.2
2026-08-06,30.6,25.1,27.0,92,11.2,11.2,18.0,3.4,17.0,13.9
2026-08-07,29.2,25.3,26.5,95,12.3,12.3,21.0,2.0,9.66,10.1
2026-08-08,33.6,25.9,29.5,80,0.8,0.8,5.0,4.92,22.72,8.7
2026-08-09,35.8,26.4,30.8,75,1.0,1.0,3.0,5.77,25.34,12.5
2026-08-10,35.7,27.5,31.0,75,0.3,0.3,1.0,5.7,25.06,12.1
2026-08-11,33.8,27.6,29.7,83,6.1,6.1,7.0,4.23,19.99,15.5
2026-08-12,35.5,27.3,31.0,79,3.2,3.2,5.0,5.47,24.63,11.0
