lo_id,area_ha,ndvi_tb,bien_do,loai,ndvi_mua_kho,ndvi_mua_mua,chenh_mua,ndmi_mua_kho,ndmi_mua_mua,lech_tb,lech_do_on_dinh,ndvi_cuoi,ngay_cuoi,xu_huong_thang,so_vu,so_vu_chac,trang_thai_cuoi_ky
L01,1.7496,0.433,0.65,"Luân canh rõ — gieo, lớn, thu theo vụ",0.328,0.512,0.184,-0.1,-0.014,-0.066,0.203,0.6502,2026-08-10,0.489,2,1,đang lên xanh
L02,0.9172,0.478,0.348,"Che phủ trung bình, biến động vừa",0.431,0.51,0.078,-0.046,-0.046,-0.032,0.07,0.5233,2026-08-10,0.021,2,2,ổn định
L03,0.8107,0.483,0.495,"Luân canh rõ — gieo, lớn, thu theo vụ",0.412,0.53,0.119,-0.041,-0.003,-0.027,0.13,0.6174,2026-08-10,0.312,2,1,đang lên xanh
L04,0.2056,0.72,0.562,"Luân canh rõ — gieo, lớn, thu theo vụ",0.637,0.771,0.134,0.252,0.302,0.22,0.097,0.838,2026-08-10,-0.057,1,1,đang xuống — thu hoạch hoặc suy giảm
L05,0.2631,0.577,0.541,"Luân canh rõ — gieo, lớn, thu theo vụ",0.506,0.627,0.122,0.122,0.182,0.087,0.092,0.7281,2026-08-10,-0.077,2,1,đang xuống — thu hoạch hoặc suy giảm
L06,0.2513,0.381,0.339,"Che phủ thưa / đất trống, công trình",0.325,0.416,0.091,0.004,0.08,-0.119,0.052,0.53,2026-08-10,0.113,0,0,đang lên xanh
L07,1.9084,0.723,0.579,"Luân canh rõ — gieo, lớn, thu theo vụ",0.64,0.774,0.134,0.284,0.34,0.222,0.088,0.8419,2026-08-10,-0.067,2,2,đang xuống — thu hoạch hoặc suy giảm
L08,0.2499,0.371,0.65,"Luân canh rõ — gieo, lớn, thu theo vụ",0.268,0.434,0.166,0.022,0.089,-0.13,0.15,0.5109,2026-08-10,0.104,1,1,đang lên xanh
L09,0.52,0.466,0.593,"Luân canh rõ — gieo, lớn, thu theo vụ",0.303,0.554,0.251,0.022,0.231,-0.046,0.166,0.7346,2026-08-10,-0.012,0,0,ổn định
L10,0.3439,0.382,0.442,"Che phủ thưa / đất trống, công trình",0.407,0.363,-0.044,0.093,0.117,-0.106,0.12,0.4027,2026-08-10,0.032,2,1,ổn định
L11,0.423,0.569,0.434,"Che phủ trung bình, biến động vừa",0.53,0.592,0.062,0.184,0.153,0.068,0.071,0.5499,2026-08-10,-0.052,2,2,đang xuống — thu hoạch hoặc suy giảm
L12,1.2031,0.415,0.489,"Luân canh rõ — gieo, lớn, thu theo vụ",0.461,0.385,-0.077,0.104,0.086,-0.083,0.165,0.3807,2026-08-10,0.069,1,1,đang lên xanh
