date,orbit,lo_id,vv_db,vh_db,rvi
2025-08-14,des,L01,-8.264,-14.739,0.7351
2025-08-17,asc,L01,-8.346,-14.602,0.7659
2025-08-26,des,L01,-7.263,-12.658,0.8962
2025-08-29,asc,L01,-7.214,-13.539,0.7562
2025-09-07,des,L01,-8.382,-13.686,0.9108
2025-09-10,asc,L01,-9.15,-14.283,0.9388
2025-09-19,des,L01,-6.725,-12.231,0.8786
2025-09-22,asc,L01,-7.188,-13.599,0.744
2025-10-01,des,L01,-5.938,-11.261,0.9077
2025-10-04,asc,L01,-7.8,-13.763,0.8085
2025-10-13,des,L01,-6.614,-10.892,1.0876
2025-10-16,asc,L01,-7.555,-12.762,0.9267
2025-10-25,des,L01,-7.783,-13.682,0.8182
2025-10-28,asc,L01,-9.289,-14.455,0.9333
2025-11-06,des,L01,-7.265,-12.794,0.8749
2025-11-09,asc,L01,-6.55,-11.99,0.8889
2025-11-18,des,L01,-8.326,-14.097,0.8374
2025-11-21,asc,L01,-10.488,-16.037,0.8716
2025-11-30,des,L01,-10.307,-16.713,0.7447
2025-12-03,asc,L01,-11.061,-17.474,0.7437
2025-12-12,des,L01,-8.612,-14.604,0.8042
2025-12-15,asc,L01,-10.713,-16.939,0.7701
2025-12-24,des,L01,-7.897,-14.606,0.7032
2025-12-27,asc,L01,-10.404,-17.004,0.718
2026-01-05,des,L01,-9.328,-16.897,0.5958
2026-01-08,asc,L01,-9.877,-16.189,0.758
2026-01-17,des,L01,-9.047,-16.334,0.6295
2026-01-20,asc,L01,-9.556,-16.772,0.6383
2026-01-29,des,L01,-9.093,-16.871,0.5717
2026-02-10,des,L01,-9.013,-17.483,0.4981
2026-02-13,asc,L01,-10.409,-17.471,0.6575
2026-02-22,des,L01,-8.724,-16.452,0.5775
2026-02-25,asc,L01,-10.137,-17.507,0.6194
2026-03-09,asc,L01,-6.685,-15.244,0.4892
2026-03-18,des,L01,-10.675,-17.695,0.6627
2026-03-21,asc,L01,-10.888,-17.886,0.6655
2026-03-30,des,L01,-9.827,-16.983,0.6457
2026-04-02,asc,L01,-10.593,-16.967,0.7492
2026-04-11,des,L01,-9.271,-15.172,0.8179
2026-04-14,asc,L01,-8.769,-15.364,0.7187
2026-04-23,des,L01,-8.509,-13.87,0.9017
2026-04-26,asc,L01,-8.239,-13.643,0.8947
2026-05-05,des,L01,-7.788,-14.328,0.7262
2026-05-17,des,L01,-6.809,-12.3,0.8808
2026-05-20,asc,L01,-7.784,-12.917,0.9387
2026-05-29,des,L01,-6.984,-12.79,0.832
2026-06-01,asc,L01,-7.579,-13.453,0.8218
2026-06-10,des,L01,-8.318,-13.394,0.9484
2026-06-13,asc,L01,-8.745,-13.401,1.0199
2026-06-22,des,L01,-11.129,-16.701,0.8682
2026-06-25,asc,L01,-11.763,-17.311,0.8718
2026-06-29,des,L01,-10.434,-17.802,0.6197
2026-07-02,asc,L01,-10.224,-18.091,0.5619
2026-07-14,asc,L01,-11.395,-18.888,0.6048
2026-07-26,asc,L01,-12.101,-19.107,0.6646
2026-08-04,des,L01,-7.122,-14.175,0.6586
2026-08-07,asc,L01,-5.965,-12.808,0.6856
2025-08-14,des,L02,-7.174,-14.24,0.6569
2025-08-17,asc,L02,-8.839,-14.341,0.8791
2025-08-26,des,L02,-7.992,-13.788,0.8336
2025-08-29,asc,L02,-8.744,-14.431,0.8504
2025-09-07,des,L02,-7.883,-14.905,0.6625
2025-09-10,asc,L02,-10.126,-15.307,0.9309
2025-09-19,des,L02,-8.319,-13.147,0.9903
2025-09-22,asc,L02,-9.222,-15.436,0.7719
2025-10-01,des,L02,-5.879,-13.164,0.6297
2025-10-04,asc,L02,-9.239,-14.872,0.8586
2025-10-13,des,L02,-7.272,-12.05,0.9988
2025-10-16,asc,L02,-9.149,-13.201,1.1292
2025-10-25,des,L02,-9.191,-13.964,0.9998
2025-10-28,asc,L02,-9.213,-15.049,0.8276
2025-11-06,des,L02,-7.084,-13.624,0.7262
2025-11-09,asc,L02,-7.337,-13.742,0.745
2025-11-18,des,L02,-8.352,-14.659,0.7586
2025-11-21,asc,L02,-10.014,-16.698,0.7066
2025-11-30,des,L02,-9.82,-16.801,0.6677
2025-12-03,asc,L02,-9.347,-15.896,0.7251
2025-12-12,des,L02,-8.502,-14.475,0.807
2025-12-15,asc,L02,-9.757,-15.486,0.8439
2025-12-24,des,L02,-7.177,-14.007,0.6873
2025-12-27,asc,L02,-9.878,-15.945,0.7931
2026-01-05,des,L02,-9.174,-16.101,0.6747
2026-01-08,asc,L02,-10.705,-15.453,1.004
2026-01-17,des,L02,-9.128,-16.201,0.656
2026-01-20,asc,L02,-10.251,-15.379,0.9397
2026-01-29,des,L02,-8.679,-16.008,0.6243
2026-02-10,des,L02,-8.92,-16.906,0.5487
2026-02-13,asc,L02,-9.964,-15.223,0.9181
2026-02-22,des,L02,-8.131,-14.978,0.685
2026-02-25,asc,L02,-8.824,-14.985,0.7795
2026-03-09,asc,L02,-8.544,-14.05,0.8784
2026-03-18,des,L02,-9.53,-16.728,0.6404
2026-03-21,asc,L02,-9.26,-16.212,0.6715
2026-03-30,des,L02,-8.603,-15.909,0.6272
2026-04-02,asc,L02,-10.405,-16.144,0.8424
2026-04-11,des,L02,-9.954,-16.182,0.7698
2026-04-14,asc,L02,-10.818,-16.123,0.9107
2026-04-23,des,L02,-7.694,-13.154,0.8858
2026-04-26,asc,L02,-8.739,-14.305,0.8691
2026-05-05,des,L02,-7.97,-14.953,0.6675
2026-05-17,des,L02,-6.973,-13.576,0.7177
2026-05-20,asc,L02,-8.722,-14.795,0.7922
2026-05-29,des,L02,-7.793,-14.213,0.7428
2026-06-01,asc,L02,-9.382,-15.006,0.8599
2026-06-10,des,L02,-8.377,-14.802,0.7421
2026-06-13,asc,L02,-9.641,-14.145,1.0469
2026-06-22,des,L02,-9.696,-15.906,0.7724
2026-06-25,asc,L02,-9.785,-16.587,0.691
2026-06-29,des,L02,-9.983,-16.339,0.7517
2026-07-02,asc,L02,-8.836,-15.168,0.7551
2026-07-14,asc,L02,-10.06,-16.024,0.8084
2026-07-26,asc,L02,-10.702,-16.136,0.89
2026-08-04,des,L02,-7.02,-13.309,0.7611
2026-08-07,asc,L02,-7.192,-13.816,0.7148
2025-08-14,des,L03,-8.698,-14.566,0.8227
2025-08-17,asc,L03,-9.336,-13.972,1.0235
2025-08-26,des,L03,-7.166,-13.375,0.7726
2025-08-29,asc,L03,-8.577,-14.842,0.7646
2025-09-07,des,L03,-8.656,-14.509,0.8249
2025-09-10,asc,L03,-10.291,-15.537,0.9202
2025-09-19,des,L03,-8.399,-14.575,0.7774
2025-09-22,asc,L03,-9.96,-15.512,0.8712
2025-10-01,des,L03,-8.171,-14.067,0.8184
2025-10-04,asc,L03,-9.261,-15.858,0.7185
2025-10-13,des,L03,-8.925,-14.722,0.8335
2025-10-16,asc,L03,-9.485,-14.867,0.8983
2025-10-25,des,L03,-9.099,-14.91,0.8314
2025-10-28,asc,L03,-9.9,-14.833,0.9723
2025-11-06,des,L03,-7.719,-14.352,0.7136
2025-11-09,asc,L03,-8.985,-14.672,0.8503
2025-11-18,des,L03,-8.258,-14.511,0.7663
2025-11-21,asc,L03,-10.143,-16.503,0.7511
2025-11-30,des,L03,-8.582,-15.609,0.662
2025-12-03,asc,L03,-9.951,-15.745,0.834
2025-12-12,des,L03,-8.055,-13.81,0.8399
2025-12-15,asc,L03,-9.61,-15.175,0.8693
2025-12-24,des,L03,-8.71,-12.932,1.0979
2025-12-27,asc,L03,-9.25,-15.735,0.7338
2026-01-05,des,L03,-9.107,-16.386,0.6305
2026-01-08,asc,L03,-9.527,-14.488,0.9675
2026-01-17,des,L03,-8.316,-16.088,0.5724
2026-01-20,asc,L03,-9.307,-14.839,0.8745
2026-01-29,des,L03,-8.617,-15.681,0.6572
2026-02-10,des,L03,-8.171,-15.614,0.6106
2026-02-13,asc,L03,-9.444,-15.428,0.8055
2026-02-22,des,L03,-8.637,-14.445,0.8318
2026-02-25,asc,L03,-9.521,-14.971,0.8874
2026-03-09,asc,L03,-8.5,-14.057,0.8704
2026-03-18,des,L03,-7.579,-15.825,0.521
2026-03-21,asc,L03,-10.177,-18.125,0.5529
2026-03-30,des,L03,-10.0,-16.897,0.6787
2026-04-02,asc,L03,-10.189,-16.136,0.8108
2026-04-11,des,L03,-9.957,-16.718,0.6964
2026-04-14,asc,L03,-10.924,-17.206,0.7622
2026-04-23,des,L03,-6.837,-14.237,0.6158
2026-04-26,asc,L03,-9.593,-14.923,0.9066
2026-05-05,des,L03,-8.415,-15.461,0.6595
2026-05-17,des,L03,-7.796,-14.107,0.7581
2026-05-20,asc,L03,-8.917,-13.832,0.9753
2026-05-29,des,L03,-7.89,-14.065,0.7774
2026-06-01,asc,L03,-8.14,-14.386,0.7672
2026-06-10,des,L03,-8.674,-14.863,0.7754
2026-06-13,asc,L03,-8.127,-13.493,0.9009
2026-06-22,des,L03,-9.023,-15.061,0.7976
2026-06-25,asc,L03,-9.171,-13.747,1.0341
2026-06-29,des,L03,-9.571,-16.844,0.6312
2026-07-02,asc,L03,-9.193,-15.298,0.7875
2026-07-14,asc,L03,-10.628,-16.751,0.785
2026-07-26,asc,L03,-12.063,-16.556,1.0488
2026-08-04,des,L03,-7.262,-14.178,0.6761
2026-08-07,asc,L03,-7.87,-14.314,0.7395
2025-08-14,des,L04,-7.323,-12.621,0.9119
2025-08-17,asc,L04,-7.088,-11.456,1.0713
2025-08-26,des,L04,-7.558,-12.427,0.9833
2025-08-29,asc,L04,-7.74,-13.184,0.8884
2025-09-07,des,L04,-4.667,-12.664,0.5476
2025-09-10,asc,L04,-8.732,-14.158,0.8911
2025-09-19,des,L04,-8.565,-13.665,0.9442
2025-09-22,asc,L04,-8.424,-14.324,0.8178
2025-10-01,des,L04,-6.344,-11.693,0.9036
2025-10-04,asc,L04,-7.608,-14.466,0.6836
2025-10-13,des,L04,-7.553,-13.602,0.7958
2025-10-16,asc,L04,-8.352,-13.195,0.9877
2025-10-25,des,L04,-6.79,-13.026,0.7687
2025-10-28,asc,L04,-7.859,-12.832,0.9656
2025-11-06,des,L04,-8.11,-12.779,1.0177
2025-11-09,asc,L04,-7.833,-12.621,0.9972
2025-11-18,des,L04,-8.618,-14.755,0.7831
2025-11-21,asc,L04,-9.057,-15.345,0.7613
2025-11-30,des,L04,-6.883,-14.539,0.5857
2025-12-03,asc,L04,-10.179,-13.79,1.2133
2025-12-12,des,L04,-5.409,-11.463,0.7951
2025-12-15,asc,L04,-8.703,-14.286,0.8663
2025-12-24,des,L04,-7.059,-12.749,0.8498
2025-12-27,asc,L04,-6.92,-13.027,0.7873
2026-01-05,des,L04,-8.286,-14.601,0.7576
2026-01-08,asc,L04,-7.944,-14.779,0.6866
2026-01-17,des,L04,-8.003,-14.909,0.6774
2026-01-20,asc,L04,-7.259,-13.276,0.8004
2026-01-29,des,L04,-7.723,-16.141,0.5034
2026-02-10,des,L04,-9.723,-14.558,0.9889
2026-02-13,asc,L04,-8.671,-14.439,0.8378
2026-02-22,des,L04,-8.8,-14.975,0.7774
2026-02-25,asc,L04,-7.816,-13.525,0.8469
2026-03-09,asc,L04,-7.488,-13.023,0.874
2026-03-18,des,L04,-8.575,-15.005,0.7414
2026-03-21,asc,L04,-7.172,-15.68,0.4943
2026-03-30,des,L04,-7.934,-16.175,0.5216
2026-04-02,asc,L04,-9.928,-14.104,1.1064
2026-04-11,des,L04,-9.65,-16.175,0.7282
2026-04-14,asc,L04,-8.539,-13.961,0.8918
2026-04-23,des,L04,-4.741,-14.0,0.4241
2026-04-26,asc,L04,-8.324,-13.028,1.0116
2026-05-05,des,L04,-6.203,-13.601,0.6161
2026-05-17,des,L04,-6.472,-13.582,0.6514
2026-05-20,asc,L04,-10.084,-12.386,1.4821
2026-05-29,des,L04,-5.403,-12.674,0.6315
2026-06-01,asc,L04,-7.153,-12.617,0.8853
2026-06-10,des,L04,-7.567,-12.766,0.928
2026-06-13,asc,L04,-7.877,-12.023,1.1117
2026-06-22,des,L04,-7.008,-13.49,0.7342
2026-06-25,asc,L04,-8.062,-12.437,1.0699
2026-06-29,des,L04,-9.455,-14.74,0.9139
2026-07-02,asc,L04,-8.078,-12.797,1.009
2026-07-14,asc,L04,-6.793,-14.544,0.575
2026-07-26,asc,L04,-7.202,-12.785,0.8665
2026-08-04,des,L04,-8.503,-13.276,0.9996
2026-08-07,asc,L04,-7.77,-14.963,0.6411
2025-08-14,des,L05,-5.961,-13.71,0.5752
2025-08-17,asc,L05,-6.738,-13.044,0.7588
2025-08-26,des,L05,-6.492,-11.479,0.9632
2025-08-29,asc,L05,-8.626,-12.266,1.2077
2025-09-07,des,L05,-7.469,-13.954,0.7338
2025-09-10,asc,L05,-8.062,-14.676,0.7161
2025-09-19,des,L05,-7.051,-15.326,0.518
2025-09-22,asc,L05,-7.758,-14.123,0.7506
2025-10-01,des,L05,-5.722,-12.9,0.6429
2025-10-04,asc,L05,-9.679,-13.576,1.1583
2025-10-13,des,L05,-7.9,-12.642,1.0051
2025-10-16,asc,L05,-6.626,-13.219,0.719
2025-10-25,des,L05,-5.775,-13.802,0.5442
2025-10-28,asc,L05,-9.363,-13.054,1.1977
2025-11-06,des,L05,-6.114,-11.774,0.8545
2025-11-09,asc,L05,-7.197,-11.889,1.0137
2025-11-18,des,L05,-7.278,-13.513,0.7689
2025-11-21,asc,L05,-7.111,-15.187,0.539
2025-11-30,des,L05,-7.138,-14.173,0.6609
2025-12-03,asc,L05,-6.665,-14.152,0.6055
2025-12-12,des,L05,-4.396,-12.053,0.5856
2025-12-15,asc,L05,-6.494,-13.64,0.647
2025-12-24,des,L05,-6.213,-12.718,0.7309
2025-12-27,asc,L05,-5.921,-11.042,0.9407
2026-01-05,des,L05,-7.25,-13.621,0.7496
2026-01-08,asc,L05,-9.013,-13.932,0.9747
2026-01-17,des,L05,-7.329,-13.776,0.7389
2026-01-20,asc,L05,-7.934,-13.638,0.8476
2026-01-29,des,L05,-5.828,-15.221,0.4126
2026-02-10,des,L05,-5.836,-13.898,0.5404
2026-02-13,asc,L05,-8.368,-13.827,0.886
2026-02-22,des,L05,-6.375,-13.794,0.6135
2026-02-25,asc,L05,-8.525,-13.508,0.9638
2026-03-09,asc,L05,-6.007,-11.891,0.8203
2026-03-18,des,L05,-4.683,-15.865,0.2831
2026-03-21,asc,L05,-6.4,-12.771,0.7496
2026-03-30,des,L05,-8.615,-13.789,0.9321
2026-04-02,asc,L05,-8.208,-14.955,0.6983
2026-04-11,des,L05,-8.543,-14.714,0.7779
2026-04-14,asc,L05,-8.394,-15.275,0.6806
2026-04-23,des,L05,-5.777,-13.885,0.5356
2026-04-26,asc,L05,-7.205,-13.672,0.7362
2026-05-05,des,L05,-7.774,-13.335,0.8699
2026-05-17,des,L05,-5.097,-12.22,0.6498
2026-05-20,asc,L05,-8.584,-12.831,1.0933
2026-05-29,des,L05,-6.109,-13.051,0.6728
2026-06-01,asc,L05,-7.809,-14.088,0.7626
2026-06-10,des,L05,-7.701,-15.117,0.6139
2026-06-13,asc,L05,-8.987,-13.889,0.9777
2026-06-22,des,L05,-9.052,-14.233,0.9309
2026-06-25,asc,L05,-9.502,-13.59,1.1226
2026-06-29,des,L05,-9.078,-14.293,0.9254
2026-07-02,asc,L05,-7.724,-12.934,0.9262
2026-07-14,asc,L05,-7.843,-15.119,0.6308
2026-07-26,asc,L05,-7.978,-13.349,0.9
2026-08-04,des,L05,-6.824,-12.393,0.8687
2026-08-07,asc,L05,-7.171,-14.095,0.6751
2025-08-14,des,L06,-7.546,-14.052,0.7309
2025-08-17,asc,L06,-8.082,-13.291,0.9263
2025-08-26,des,L06,-7.535,-13.128,0.8648
2025-08-29,asc,L06,-8.154,-12.52,1.0717
2025-09-07,des,L06,-7.467,-14.372,0.6775
2025-09-10,asc,L06,-7.885,-13.18,0.9123
2025-09-19,des,L06,-7.631,-11.993,1.0723
2025-09-22,asc,L06,-7.598,-14.662,0.6571
2025-10-01,des,L06,-5.606,-13.139,0.6
2025-10-04,asc,L06,-10.378,-13.864,1.2377
2025-10-13,des,L06,-7.388,-13.408,0.8002
2025-10-16,asc,L06,-8.486,-13.59,0.9437
2025-10-25,des,L06,-7.51,-13.496,0.8051
2025-10-28,asc,L06,-9.069,-16.488,0.6135
2025-11-06,des,L06,-7.56,-14.146,0.72
2025-11-09,asc,L06,-9.262,-12.185,1.3514
2025-11-18,des,L06,-7.877,-15.716,0.565
2025-11-21,asc,L06,-8.729,-14.279,0.8716
2025-11-30,des,L06,-9.052,-16.262,0.6389
2025-12-03,asc,L06,-11.123,-16.975,0.825
2025-12-12,des,L06,-8.605,-12.843,1.0949
2025-12-15,asc,L06,-10.286,-15.074,0.9971
2025-12-24,des,L06,-8.51,-13.823,0.9095
2025-12-27,asc,L06,-9.174,-14.571,0.8959
2026-01-05,des,L06,-7.787,-14.226,0.7401
2026-01-08,asc,L06,-9.069,-15.338,0.764
2026-01-17,des,L06,-8.26,-17.672,0.4109
2026-01-20,asc,L06,-8.792,-15.459,0.709
2026-01-29,des,L06,-7.746,-14.502,0.697
2026-02-10,des,L06,-7.013,-15.776,0.4695
2026-02-13,asc,L06,-9.997,-15.486,0.8812
2026-02-22,des,L06,-7.976,-14.563,0.7198
2026-02-25,asc,L06,-10.258,-15.03,0.9998
2026-03-09,asc,L06,-8.327,-15.826,0.604
2026-03-18,des,L06,-8.662,-15.45,0.6929
2026-03-21,asc,L06,-9.11,-17.52,0.5041
2026-03-30,des,L06,-9.557,-16.915,0.6208
2026-04-02,asc,L06,-8.063,-15.046,0.6675
2026-04-11,des,L06,-8.564,-16.524,0.5516
2026-04-14,asc,L06,-9.388,-14.119,1.0071
2026-04-23,des,L06,-7.469,-14.024,0.7242
2026-04-26,asc,L06,-8.417,-13.656,0.9214
2026-05-05,des,L06,-8.232,-15.874,0.5874
2026-05-17,des,L06,-6.153,-14.113,0.5517
2026-05-20,asc,L06,-7.774,-15.603,0.5661
2026-05-29,des,L06,-7.907,-13.669,0.8387
2026-06-01,asc,L06,-8.068,-15.106,0.6606
2026-06-10,des,L06,-7.84,-14.739,0.6784
2026-06-13,asc,L06,-9.252,-15.443,0.7751
2026-06-22,des,L06,-8.942,-13.928,0.9633
2026-06-25,asc,L06,-8.877,-14.756,0.8211
2026-06-29,des,L06,-9.389,-15.561,0.7778
2026-07-02,asc,L06,-9.201,-14.15,0.9696
2026-07-14,asc,L06,-10.524,-13.74,1.2915
2026-07-26,asc,L06,-9.311,-14.451,0.9377
2026-08-04,des,L06,-10.306,-13.059,1.3865
2026-08-07,asc,L06,-8.545,-13.311,1.0009
2025-08-14,des,L07,-7.943,-12.889,0.9701
2025-08-17,asc,L07,-6.453,-12.881,0.7417
2025-08-26,des,L07,-6.208,-11.411,0.9274
2025-08-29,asc,L07,-6.175,-12.633,0.7375
2025-09-07,des,L07,-7.201,-12.647,0.8879
2025-09-10,asc,L07,-7.966,-13.115,0.936
2025-09-19,des,L07,-6.692,-12.427,0.843
2025-09-22,asc,L07,-7.578,-13.233,0.8552
2025-10-01,des,L07,-4.697,-11.12,0.7425
2025-10-04,asc,L07,-7.966,-12.791,0.9906
2025-10-13,des,L07,-6.837,-12.647,0.8314
2025-10-16,asc,L07,-6.859,-12.537,0.8518
2025-10-25,des,L07,-7.936,-12.86,0.9738
2025-10-28,asc,L07,-7.1,-14.131,0.6614
2025-11-06,des,L07,-7.127,-12.683,0.8707
2025-11-09,asc,L07,-6.666,-12.048,0.8983
2025-11-18,des,L07,-7.26,-12.718,0.8861
2025-11-21,asc,L07,-8.081,-14.205,0.7848
2025-11-30,des,L07,-7.673,-13.321,0.8563
2025-12-03,asc,L07,-8.382,-13.945,0.8696
2025-12-12,des,L07,-6.799,-11.987,0.9297
2025-12-15,asc,L07,-7.508,-14.105,0.7184
2025-12-24,des,L07,-7.37,-12.913,0.8727
2025-12-27,asc,L07,-7.528,-14.218,0.7059
2026-01-05,des,L07,-7.71,-13.732,0.7997
2026-01-08,asc,L07,-7.892,-13.688,0.8335
2026-01-17,des,L07,-7.874,-13.751,0.8215
2026-01-20,asc,L07,-7.607,-13.605,0.8033
2026-01-29,des,L07,-6.808,-13.895,0.6544
2026-02-10,des,L07,-8.334,-13.384,0.9527
2026-02-13,asc,L07,-7.568,-12.837,0.9165
2026-02-22,des,L07,-7.452,-13.111,0.8546
2026-02-25,asc,L07,-7.445,-12.914,0.8844
2026-03-09,asc,L07,-6.414,-12.55,0.783
2026-03-18,des,L07,-8.142,-13.227,0.9467
2026-03-21,asc,L07,-7.885,-13.335,0.8875
2026-03-30,des,L07,-7.86,-13.503,0.857
2026-04-02,asc,L07,-8.097,-13.61,0.8774
2026-04-11,des,L07,-7.705,-13.782,0.7917
2026-04-14,asc,L07,-7.357,-13.594,0.7685
2026-04-23,des,L07,-7.047,-13.398,0.7524
2026-04-26,asc,L07,-7.175,-12.241,0.95
2026-05-05,des,L07,-8.186,-13.895,0.847
2026-05-17,des,L07,-7.247,-13.321,0.7923
2026-05-20,asc,L07,-7.838,-12.131,1.0848
2026-05-29,des,L07,-7.519,-12.998,0.8828
2026-06-01,asc,L07,-7.583,-12.926,0.9045
2026-06-10,des,L07,-8.507,-13.022,1.0448
2026-06-13,asc,L07,-7.161,-13.835,0.708
2026-06-22,des,L07,-8.448,-14.189,0.842
2026-06-25,asc,L07,-6.877,-11.881,0.9604
2026-06-29,des,L07,-7.983,-13.694,0.8466
2026-07-02,asc,L07,-7.016,-12.542,0.8754
2026-07-14,asc,L07,-5.642,-12.291,0.7114
2026-07-26,asc,L07,-6.873,-12.425,0.8712
2026-08-04,des,L07,-8.044,-13.875,0.8283
2026-08-07,asc,L07,-6.368,-12.387,0.8002
2025-08-14,des,L08,-7.889,-13.112,0.924
2025-08-17,asc,L08,-6.854,-12.581,0.8442
2025-08-26,des,L08,-6.793,-10.454,1.2036
2025-08-29,asc,L08,-4.697,-11.963,0.632
2025-09-07,des,L08,-8.095,-13.314,0.9248
2025-09-10,asc,L08,-6.057,-14.36,0.5151
2025-09-19,des,L08,-6.441,-13.13,0.706
2025-09-22,asc,L08,-6.627,-12.692,0.7935
2025-10-01,des,L08,-7.23,-12.338,0.943
2025-10-04,asc,L08,-8.812,-14.004,0.9291
2025-10-13,des,L08,-8.11,-12.763,1.0205
2025-10-16,asc,L08,-5.634,-11.175,0.8731
2025-10-25,des,L08,-7.548,-15.697,0.5312
2025-10-28,asc,L08,-7.973,-14.677,0.7041
2025-11-06,des,L08,-8.507,-13.301,0.9961
2025-11-09,asc,L08,-5.935,-13.252,0.6258
2025-11-18,des,L08,-7.064,-15.483,0.5032
2025-11-21,asc,L08,-8.161,-14.433,0.7637
2025-11-30,des,L08,-8.118,-15.289,0.6438
2025-12-03,asc,L08,-7.381,-14.585,0.6397
2025-12-12,des,L08,-6.458,-15.843,0.4132
2025-12-15,asc,L08,-8.716,-13.803,0.9464
2025-12-24,des,L08,-6.978,-15.242,0.5191
2025-12-27,asc,L08,-6.704,-14.356,0.5861
2026-01-05,des,L08,-8.73,-15.482,0.6976
2026-01-08,asc,L08,-9.445,-14.607,0.934
2026-01-17,des,L08,-8.597,-16.644,0.5422
2026-01-20,asc,L08,-8.656,-14.678,0.7997
2026-01-29,des,L08,-8.291,-15.548,0.6332
2026-02-10,des,L08,-8.931,-16.015,0.6548
2026-02-13,asc,L08,-6.379,-15.442,0.4415
2026-02-22,des,L08,-9.045,-15.746,0.7044
2026-02-25,asc,L08,-8.055,-14.513,0.7376
2026-03-09,asc,L08,-7.334,-14.551,0.6381
2026-03-18,des,L08,-8.113,-14.147,0.798
2026-03-21,asc,L08,-9.478,-15.651,0.7778
2026-03-30,des,L08,-10.079,-15.509,0.8907
2026-04-02,asc,L08,-8.017,-15.888,0.5614
2026-04-11,des,L08,-8.86,-14.186,0.9073
2026-04-14,asc,L08,-8.648,-13.691,0.9537
2026-04-23,des,L08,-8.541,-14.029,0.8814
2026-04-26,asc,L08,-8.474,-13.611,0.9382
2026-05-05,des,L08,-9.224,-13.998,0.9995
2026-05-17,des,L08,-8.069,-15.316,0.6343
2026-05-20,asc,L08,-7.047,-12.331,0.9141
2026-05-29,des,L08,-6.833,-13.104,0.7637
2026-06-01,asc,L08,-7.401,-14.347,0.6724
2026-06-10,des,L08,-7.238,-14.359,0.65
2026-06-13,asc,L08,-8.552,-14.065,0.8774
2026-06-22,des,L08,-10.009,-15.458,0.8877
2026-06-25,asc,L08,-9.052,-15.21,0.78
2026-06-29,des,L08,-9.879,-13.87,1.1406
2026-07-02,asc,L08,-6.242,-13.322,0.6552
2026-07-14,asc,L08,-9.336,-15.226,0.8195
2026-07-26,asc,L08,-8.122,-13.975,0.8251
2026-08-04,des,L08,-8.759,-13.31,1.0385
2026-08-07,asc,L08,-7.906,-13.504,0.864
2025-08-14,des,L09,-7.115,-13.853,0.6995
2025-08-17,asc,L09,-5.547,-11.977,0.7414
2025-08-26,des,L09,-5.397,-11.09,0.8494
2025-08-29,asc,L09,-4.511,-11.647,0.6483
2025-09-07,des,L09,-9.522,-14.105,1.0328
2025-09-10,asc,L09,-8.609,-14.288,0.8515
2025-09-19,des,L09,-7.847,-12.855,0.9597
2025-09-22,asc,L09,-6.956,-14.672,0.5788
2025-10-01,des,L09,-6.395,-14.305,0.5571
2025-10-04,asc,L09,-7.34,-14.649,0.6267
2025-10-13,des,L09,-7.827,-14.118,0.761
2025-10-16,asc,L09,-6.432,-14.371,0.5539
2025-10-25,des,L09,-8.828,-15.632,0.6907
2025-10-28,asc,L09,-6.847,-15.706,0.4603
2025-11-06,des,L09,-8.175,-13.974,0.8332
2025-11-09,asc,L09,-5.819,-13.625,0.5688
2025-11-18,des,L09,-7.499,-15.531,0.5437
2025-11-21,asc,L09,-7.491,-16.284,0.4666
2025-11-30,des,L09,-8.664,-14.484,0.8299
2025-12-03,asc,L09,-6.817,-13.757,0.6731
2025-12-12,des,L09,-8.58,-14.321,0.842
2025-12-15,asc,L09,-6.509,-14.011,0.6036
2025-12-24,des,L09,-7.317,-13.979,0.7097
2025-12-27,asc,L09,-7.508,-14.939,0.6121
2026-01-05,des,L09,-7.253,-15.169,0.5565
2026-01-08,asc,L09,-7.758,-14.125,0.7501
2026-01-17,des,L09,-8.076,-15.425,0.622
2026-01-20,asc,L09,-7.563,-14.202,0.7128
2026-01-29,des,L09,-7.771,-14.932,0.6451
2026-02-10,des,L09,-9.104,-15.375,0.7638
2026-02-13,asc,L09,-6.924,-14.233,0.6268
2026-02-22,des,L09,-8.276,-13.951,0.8522
2026-02-25,asc,L09,-6.051,-13.587,0.5997
2026-03-09,asc,L09,-6.23,-12.675,0.7393
2026-03-18,des,L09,-8.77,-15.848,0.6555
2026-03-21,asc,L09,-6.296,-13.682,0.6175
2026-03-30,des,L09,-8.855,-14.636,0.836
2026-04-02,asc,L09,-6.6,-12.809,0.7726
2026-04-11,des,L09,-8.742,-12.843,1.1201
2026-04-14,asc,L09,-5.271,-13.756,0.4966
2026-04-23,des,L09,-7.944,-13.707,0.8387
2026-04-26,asc,L09,-6.15,-13.654,0.6034
2026-05-05,des,L09,-7.869,-13.664,0.8337
2026-05-17,des,L09,-7.198,-12.269,0.9491
2026-05-20,asc,L09,-6.207,-12.183,0.8066
2026-05-29,des,L09,-8.223,-11.514,1.2765
2026-06-01,asc,L09,-7.0,-11.637,1.0233
2026-06-10,des,L09,-8.394,-14.697,0.7592
2026-06-13,asc,L09,-5.57,-11.486,0.8156
2026-06-22,des,L09,-9.072,-13.426,1.0737
2026-06-25,asc,L09,-6.002,-11.148,0.9366
2026-06-29,des,L09,-8.669,-13.103,1.0594
2026-07-02,asc,L09,-5.375,-11.0,0.8599
2026-07-14,asc,L09,-4.518,-10.507,0.8046
2026-07-26,asc,L09,-4.951,-11.713,0.6963
2026-08-04,des,L09,-6.5,-12.646,0.7817
2026-08-07,asc,L09,-2.813,-11.609,0.4662
2025-08-14,des,L10,-6.554,-11.05,1.0481
2025-08-17,asc,L10,-6.852,-11.528,1.0164
2025-08-26,des,L10,-5.259,-8.845,1.2183
2025-08-29,asc,L10,-7.344,-12.5,0.935
2025-09-07,des,L10,-8.242,-12.697,1.0557
2025-09-10,asc,L10,-8.872,-13.997,0.9401
2025-09-19,des,L10,-6.496,-12.694,0.7742
2025-09-22,asc,L10,-7.836,-14.183,0.753
2025-10-01,des,L10,-6.025,-13.341,0.6259
2025-10-04,asc,L10,-7.885,-13.55,0.8538
2025-10-13,des,L10,-7.271,-13.137,0.823
2025-10-16,asc,L10,-7.852,-11.933,1.1239
2025-10-25,des,L10,-6.278,-13.712,0.6117
2025-10-28,asc,L10,-8.962,-14.983,0.8
2025-11-06,des,L10,-6.591,-13.846,0.6333
2025-11-09,asc,L10,-7.497,-13.121,0.86
2025-11-18,des,L10,-6.066,-12.175,0.7871
2025-11-21,asc,L10,-7.344,-15.354,0.5461
2025-11-30,des,L10,-5.722,-14.36,0.4815
2025-12-03,asc,L10,-7.708,-12.583,0.9822
2025-12-12,des,L10,-7.104,-12.532,0.8909
2025-12-15,asc,L10,-7.669,-12.37,1.0121
2025-12-24,des,L10,-6.065,-12.211,0.7816
2025-12-27,asc,L10,-7.551,-14.459,0.6772
2026-01-05,des,L10,-7.443,-13.866,0.7424
2026-01-08,asc,L10,-7.584,-14.963,0.6184
2026-01-17,des,L10,-8.784,-13.853,0.9495
2026-01-20,asc,L10,-7.411,-13.241,0.8284
2026-01-29,des,L10,-7.198,-13.307,0.787
2026-02-10,des,L10,-7.412,-13.045,0.8588
2026-02-13,asc,L10,-7.412,-13.344,0.8131
2026-02-22,des,L10,-6.243,-12.772,0.7277
2026-02-25,asc,L10,-6.969,-13.33,0.751
2026-03-09,asc,L10,-6.98,-13.653,0.7082
2026-03-18,des,L10,-7.478,-13.994,0.7295
2026-03-21,asc,L10,-8.665,-15.696,0.6614
2026-03-30,des,L10,-8.173,-13.503,0.9066
2026-04-02,asc,L10,-7.951,-15.517,0.5961
2026-04-11,des,L10,-7.589,-13.034,0.8882
2026-04-14,asc,L10,-9.329,-15.117,0.8348
2026-04-23,des,L10,-6.658,-12.471,0.8309
2026-04-26,asc,L10,-6.601,-14.485,0.56
2026-05-05,des,L10,-7.534,-12.725,0.9292
2026-05-17,des,L10,-5.06,-11.693,0.7135
2026-05-20,asc,L10,-7.407,-14.014,0.717
2026-05-29,des,L10,-5.959,-12.004,0.7964
2026-06-01,asc,L10,-8.511,-13.732,0.9243
2026-06-10,des,L10,-7.458,-11.848,1.0674
2026-06-13,asc,L10,-7.73,-11.796,1.1266
2026-06-22,des,L10,-7.263,-11.275,1.1368
2026-06-25,asc,L10,-7.705,-12.336,1.0245
2026-06-29,des,L10,-6.037,-10.359,1.0796
2026-07-02,asc,L10,-4.963,-12.02,0.6581
2026-07-14,asc,L10,-7.89,-13.226,0.9056
2026-07-26,asc,L10,-8.536,-14.155,0.8608
2026-08-04,des,L10,-5.118,-10.796,0.8517
2026-08-07,asc,L10,-5.936,-10.99,0.9519
2025-08-14,des,L11,-4.415,-12.281,0.562
2025-08-17,asc,L11,-6.09,-13.277,0.6418
2025-08-26,des,L11,-3.686,-9.776,0.7899
2025-08-29,asc,L11,-5.829,-12.837,0.6643
2025-09-07,des,L11,-6.04,-13.535,0.6045
2025-09-10,asc,L11,-6.718,-11.635,0.9751
2025-09-19,des,L11,-4.971,-12.243,0.6314
2025-09-22,asc,L11,-5.727,-12.502,0.6945
2025-10-01,des,L11,-4.984,-12.712,0.5776
2025-10-04,asc,L11,-7.462,-12.894,0.8904
2025-10-13,des,L11,-4.302,-12.49,0.527
2025-10-16,asc,L11,-5.898,-12.253,0.7518
2025-10-25,des,L11,-5.265,-13.802,0.4914
2025-10-28,asc,L11,-7.457,-12.553,0.9449
2025-11-06,des,L11,-3.948,-11.861,0.5567
2025-11-09,asc,L11,-5.954,-12.356,0.7454
2025-11-18,des,L11,-4.485,-13.521,0.444
2025-11-21,asc,L11,-7.648,-13.044,0.8959
2025-11-30,des,L11,-5.031,-12.893,0.5624
2025-12-03,asc,L11,-5.288,-11.239,0.8103
2025-12-12,des,L11,-4.066,-12.28,0.5243
2025-12-15,asc,L11,-5.908,-11.386,0.8829
2025-12-24,des,L11,-3.536,-11.786,0.5206
2025-12-27,asc,L11,-6.279,-12.556,0.7629
2026-01-05,des,L11,-4.112,-12.908,0.4663
2026-01-08,asc,L11,-7.901,-11.943,1.1312
2026-01-17,des,L11,-4.801,-13.781,0.4491
2026-01-20,asc,L11,-7.163,-12.935,0.8372
2026-01-29,des,L11,-5.489,-15.185,0.3875
2026-02-10,des,L11,-4.767,-13.573,0.4653
2026-02-13,asc,L11,-5.702,-11.731,0.7987
2026-02-22,des,L11,-4.262,-12.304,0.5427
2026-02-25,asc,L11,-6.54,-13.475,0.6737
2026-03-09,asc,L11,-6.983,-12.453,0.8842
2026-03-18,des,L11,-6.294,-12.055,0.839
2026-03-21,asc,L11,-8.05,-14.211,0.7796
2026-03-30,des,L11,-5.539,-12.091,0.7247
2026-04-02,asc,L11,-5.575,-13.576,0.5471
2026-04-11,des,L11,-5.445,-13.507,0.5406
2026-04-14,asc,L11,-6.764,-13.586,0.6884
2026-04-23,des,L11,-4.988,-12.99,0.547
2026-04-26,asc,L11,-6.759,-10.891,1.1144
2026-05-05,des,L11,-4.271,-13.678,0.4114
2026-05-17,des,L11,-3.998,-12.663,0.4789
2026-05-20,asc,L11,-6.731,-11.702,0.9658
2026-05-29,des,L11,-4.319,-12.742,0.5029
2026-06-01,asc,L11,-7.222,-13.137,0.8156
2026-06-10,des,L11,-4.722,-14.883,0.3515
2026-06-13,asc,L11,-7.747,-11.464,1.1929
2026-06-22,des,L11,-4.112,-12.141,0.5441
2026-06-25,asc,L11,-8.492,-12.004,1.2326
2026-06-29,des,L11,-4.893,-12.226,0.6239
2026-07-02,asc,L11,-7.437,-12.874,0.8895
2026-07-14,asc,L11,-7.433,-13.327,0.8188
2026-07-26,asc,L11,-8.459,-14.155,0.849
2026-08-04,des,L11,-4.932,-11.611,0.7074
2026-08-07,asc,L11,-5.989,-13.264,0.631
2025-08-14,des,L12,-5.247,-12.39,0.6473
2025-08-17,asc,L12,-7.702,-14.483,0.6938
2025-08-26,des,L12,-6.744,-13.784,0.6603
2025-08-29,asc,L12,-9.297,-14.315,0.9581
2025-09-07,des,L12,-8.396,-14.605,0.7726
2025-09-10,asc,L12,-8.038,-14.011,0.807
2025-09-19,des,L12,-6.048,-13.21,0.645
2025-09-22,asc,L12,-6.616,-13.802,0.6419
2025-10-01,des,L12,-5.768,-12.405,0.713
2025-10-04,asc,L12,-7.251,-14.182,0.6742
2025-10-13,des,L12,-6.524,-12.671,0.7815
2025-10-16,asc,L12,-8.035,-13.175,0.9377
2025-10-25,des,L12,-8.284,-14.222,0.8122
2025-10-28,asc,L12,-9.068,-13.718,1.0211
2025-11-06,des,L12,-8.402,-13.891,0.8812
2025-11-09,asc,L12,-7.297,-12.449,0.9357
2025-11-18,des,L12,-8.143,-12.395,1.0923
2025-11-21,asc,L12,-8.733,-14.039,0.9105
2025-11-30,des,L12,-8.474,-12.996,1.0437
2025-12-03,asc,L12,-8.662,-14.179,0.8768
2025-12-12,des,L12,-7.669,-12.838,0.9329
2025-12-15,asc,L12,-8.289,-14.228,0.8121
2025-12-24,des,L12,-6.997,-12.0,0.9605
2025-12-27,asc,L12,-8.09,-13.954,0.8233
2026-01-05,des,L12,-8.274,-13.873,0.864
2026-01-08,asc,L12,-8.687,-14.498,0.8314
2026-01-17,des,L12,-7.572,-14.863,0.629
2026-01-20,asc,L12,-7.953,-14.753,0.6913
2026-01-29,des,L12,-7.745,-14.161,0.7433
2026-02-10,des,L12,-7.819,-14.378,0.7236
2026-02-13,asc,L12,-8.228,-15.119,0.6795
2026-02-22,des,L12,-6.552,-13.484,0.6741
2026-02-25,asc,L12,-7.929,-14.735,0.6905
2026-03-09,asc,L12,-6.066,-13.804,0.5764
2026-03-18,des,L12,-7.663,-15.319,0.5857
2026-03-21,asc,L12,-9.471,-14.954,0.8821
2026-03-30,des,L12,-8.219,-14.038,0.8302
2026-04-02,asc,L12,-8.999,-15.382,0.748
2026-04-11,des,L12,-8.784,-14.934,0.7811
2026-04-14,asc,L12,-8.953,-15.083,0.7839
2026-04-23,des,L12,-6.337,-13.178,0.6859
2026-04-26,asc,L12,-9.007,-14.431,0.8915
2026-05-05,des,L12,-7.236,-14.59,0.6214
2026-05-17,des,L12,-5.969,-14.262,0.5161
2026-05-20,asc,L12,-7.62,-13.635,0.8008
2026-05-29,des,L12,-6.464,-13.239,0.6946
2026-06-01,asc,L12,-7.796,-13.398,0.8635
2026-06-10,des,L12,-6.041,-12.779,0.6994
2026-06-13,asc,L12,-7.583,-13.332,0.8408
2026-06-22,des,L12,-7.065,-13.206,0.7824
2026-06-25,asc,L12,-8.304,-13.748,0.8883
2026-06-29,des,L12,-6.83,-12.916,0.7904
2026-07-02,asc,L12,-7.412,-13.181,0.8378
2026-07-14,asc,L12,-6.919,-13.747,0.6876
2026-07-26,asc,L12,-7.887,-14.235,0.7528
2026-08-04,des,L12,-6.758,-12.269,0.8777
2026-08-07,asc,L12,-6.515,-12.632,0.786
