date,orbit,scene,px,vv_db,vh_db,vh_vv_db,rvi,loi
2025-08-14,descending,S1A_IW_GRDH_1SDV_20250814T225104_20250814T225129_060538_07874E_rtc,882,-7.09,-13.358,-6.267,0.7643,
2025-08-17,ascending,S1A_IW_GRDH_1SDV_20250817T110559_20250817T110624_060575_0788CD_rtc,882,-7.397,-13.469,-6.072,0.7925,
2025-08-26,descending,S1A_IW_GRDH_1SDV_20250826T225105_20250826T225130_060713_078E33_rtc,882,-6.522,-12.027,-5.505,0.8787,
2025-08-29,ascending,S1A_IW_GRDH_1SDV_20250829T110600_20250829T110625_060750_078FB1_rtc,882,-7.11,-13.251,-6.141,0.7825,
2025-09-07,descending,S1A_IW_GRDH_1SDV_20250907T225105_20250907T225130_060888_079527_rtc,882,-7.809,-13.674,-5.865,0.8231,
2025-09-10,ascending,S1A_IW_GRDH_1SDV_20250910T110600_20250910T110625_060925_0796AA_rtc,882,-8.496,-13.953,-5.457,0.8862,
2025-09-19,descending,S1A_IW_GRDH_1SDV_20250919T225105_20250919T225130_061063_079C29_rtc,882,-6.895,-12.845,-5.95,0.8104,
2025-09-22,ascending,S1A_IW_GRDH_1SDV_20250922T110600_20250922T110625_061100_079DAF_rtc,882,-7.527,-13.891,-6.364,0.7505,
2025-10-01,descending,S1A_IW_GRDH_1SDV_20251001T225105_20251001T225130_061238_07A33D_rtc,882,-5.77,-12.18,-6.41,0.7441,
2025-10-04,ascending,S1A_IW_GRDH_1SDV_20251004T110600_20251004T110625_061275_07A4BF_rtc,882,-8.084,-13.841,-5.757,0.8395,
2025-10-13,descending,S1A_IW_GRDH_1SDV_20251013T225106_20251013T225131_061413_07AA46_rtc,882,-6.946,-12.438,-5.491,0.8808,
2025-10-16,ascending,S1A_IW_GRDH_1SDV_20251016T110600_20251016T110625_061450_07ABC9_rtc,882,-7.526,-12.961,-5.435,0.8897,
2025-10-25,descending,S1A_IW_GRDH_1SDV_20251025T225105_20251025T225130_061588_07B14C_rtc,882,-7.817,-13.798,-5.982,0.8058,
2025-10-28,ascending,S1A_IW_GRDH_1SDV_20251028T110600_20251028T110625_061625_07B2D0_rtc,882,-8.394,-14.3,-5.906,0.817,
2025-11-06,descending,S1A_IW_GRDH_1SDV_20251106T225105_20251106T225130_061763_07B830_rtc,882,-7.191,-13.172,-5.982,0.8058,
2025-11-09,ascending,S1A_IW_GRDH_1SDV_20251109T110600_20251109T110625_061800_07B9A8_rtc,882,-6.973,-12.625,-5.652,0.8557,
2025-11-18,descending,S1A_IW_GRDH_1SDV_20251118T225104_20251118T225129_061938_07BEFF_rtc,882,-7.558,-13.582,-6.025,0.7994,
2025-11-21,ascending,S1A_IW_GRDH_1SDV_20251121T110559_20251121T110624_061975_07C076_rtc,882,-8.821,-15.036,-6.215,0.7717,
2025-11-30,descending,S1A_IW_GRDH_1SDV_20251130T225103_20251130T225128_062113_07C5CE_rtc,882,-8.223,-14.518,-6.295,0.7603,
2025-12-03,ascending,S1A_IW_GRDH_1SDV_20251203T110558_20251203T110623_062150_07C749_rtc,882,-8.684,-14.638,-5.955,0.8097,
2025-12-12,descending,S1A_IW_GRDH_1SDV_20251212T225102_20251212T225127_062288_07CCA4_rtc,882,-7.298,-13.186,-5.889,0.8196,
2025-12-15,ascending,S1A_IW_GRDH_1SDV_20251215T110557_20251215T110622_062325_07CE22_rtc,882,-8.408,-14.495,-6.087,0.7902,
2025-12-24,descending,S1A_IW_GRDH_1SDV_20251224T225101_20251224T225126_062463_07D36C_rtc,882,-7.122,-13.187,-6.065,0.7935,
2025-12-27,ascending,S1A_IW_GRDH_1SDV_20251227T110555_20251227T110620_062500_07D4F0_rtc,882,-8.275,-14.678,-6.403,0.7452,
2026-01-05,descending,S1A_IW_GRDH_1SDV_20260105T225100_20260105T225125_062638_07DA32_rtc,882,-8.018,-14.781,-6.763,0.6962,
2026-01-08,ascending,S1A_IW_GRDH_1SDV_20260108T110554_20260108T110619_062675_07DBAD_rtc,882,-8.823,-14.521,-5.698,0.8486,
2026-01-17,descending,S1A_IW_GRDH_1SDV_20260117T225059_20260117T225124_062813_07E0ED_rtc,882,-8.039,-15.047,-7.007,0.6644,
2026-01-20,ascending,S1A_IW_GRDH_1SDV_20260120T110553_20260120T110618_062850_07E26E_rtc,882,-8.4,-14.587,-6.187,0.7758,
2026-01-29,descending,S1A_IW_GRDH_1SDV_20260129T225058_20260129T225123_062988_07E739_rtc,882,-7.693,-15.003,-7.31,0.6267,
2026-02-10,descending,S1A_IW_GRDH_1SDV_20260210T225057_20260210T225122_063163_07EDC1_rtc,882,-8.069,-14.909,-6.84,0.686,
2026-02-13,ascending,S1A_IW_GRDH_1SDV_20260213T110552_20260213T110617_063200_07EF2D_rtc,882,-8.376,-14.496,-6.12,0.7854,
2026-02-22,descending,S1A_IW_GRDH_1SDV_20260222T225057_20260222T225122_063338_07F460_rtc,882,-7.508,-14.118,-6.61,0.7166,
2026-02-25,ascending,S1A_IW_GRDH_1SDV_20260225T110552_20260225T110617_063375_07F5D4_rtc,882,-8.198,-14.435,-6.237,0.7686,
2026-03-09,ascending,S1A_IW_GRDH_1SDV_20260309T110552_20260309T110617_063550_07FC7A_rtc,882,-6.893,-13.618,-6.725,0.7012,
2026-03-18,descending,S1A_IW_GRDH_1SDV_20260318T225057_20260318T225122_063688_080194_rtc,882,-8.292,-14.981,-6.689,0.706,
2026-03-21,ascending,S1A_IW_GRDH_1SDV_20260321T110552_20260321T110617_063725_080300_rtc,882,-8.803,-15.188,-6.385,0.7476,
2026-03-30,descending,S1A_IW_GRDH_1SDV_20260330T225057_20260330T225122_063863_080814_rtc,882,-8.521,-14.757,-6.236,0.7687,
2026-04-02,ascending,S1A_IW_GRDH_1SDV_20260402T110552_20260402T110617_063900_080988_rtc,882,-8.727,-14.97,-6.243,0.7677,
2026-04-11,descending,S1A_IW_GRDH_1SDV_20260411T225057_20260411T225122_064038_080EA7_rtc,882,-8.536,-14.648,-6.113,0.7865,
2026-04-14,ascending,S1A_IW_GRDH_1SDV_20260414T110552_20260414T110617_064075_08101A_rtc,882,-8.367,-14.743,-6.376,0.7489,
2026-04-23,descending,S1A_IW_GRDH_1SDV_20260423T225057_20260423T225122_064213_08152B_rtc,882,-7.083,-13.509,-6.426,0.7419,
2026-04-26,ascending,S1A_IW_GRDH_1SDV_20260426T110552_20260426T110617_064250_0816A0_rtc,882,-7.904,-13.393,-5.49,0.8811,
2026-05-05,descending,S1A_IW_GRDH_1SDV_20260505T225056_20260505T225121_064388_081BA8_rtc,882,-7.604,-14.237,-6.633,0.7136,
2026-05-17,descending,S1A_IW_GRDH_1SDV_20260517T225056_20260517T225121_064563_0821D6_rtc,882,-6.579,-13.152,-6.573,0.7217,
2026-05-20,ascending,S1A_IW_GRDH_1SDV_20260520T110551_20260520T110616_064600_08232F_rtc,882,-7.803,-13.015,-5.212,0.9258,
2026-05-29,descending,S1A_IW_GRDH_1SDV_20260529T225055_20260529T225120_064738_0827F9_rtc,882,-6.964,-13.053,-6.088,0.7901,
2026-06-01,ascending,S1A_IW_GRDH_1SDV_20260601T110550_20260601T110615_064775_082954_rtc,882,-7.807,-13.456,-5.649,0.8561,
2026-06-10,descending,S1A_IW_GRDH_1SDV_20260610T225055_20260610T225120_064913_082E17_rtc,882,-7.656,-13.601,-5.945,0.8112,
2026-06-13,ascending,S1A_IW_GRDH_1SDV_20260613T110550_20260613T110615_064950_082F6D_rtc,882,-7.891,-13.28,-5.389,0.8972,
2026-06-22,descending,S1A_IW_GRDH_1SDV_20260622T225054_20260622T225119_065088_08343E_rtc,882,-8.43,-14.307,-5.877,0.8214,
2026-06-25,ascending,S1A_IW_GRDH_1SDV_20260625T110549_20260625T110614_065125_083594_rtc,882,-8.485,-13.611,-5.127,0.9399,
2026-06-29,descending,S1D_IW_GRDH_1SDV_20260629T225014_20260629T225039_003457_0061AA_rtc,882,-8.33,-14.312,-5.982,0.8057,
2026-07-02,ascending,S1D_IW_GRDH_1SDV_20260702T110509_20260702T110534_003494_0062E6_rtc,882,-7.757,-13.762,-6.006,0.8022,
2026-07-14,ascending,S1D_IW_GRDH_1SDV_20260714T110510_20260714T110535_003669_0068DD_rtc,882,-7.703,-14.134,-6.431,0.7412,
2026-07-26,ascending,S1D_IW_GRDH_1SDV_20260726T110510_20260726T110535_003844_006ED6_rtc,882,-8.522,-14.39,-5.869,0.8226,
2026-08-04,descending,S1D_IW_GRDH_1SDV_20260804T225016_20260804T225041_003982_0073B1_rtc,882,-7.098,-13.173,-6.075,0.792,
2026-08-07,ascending,S1D_IW_GRDH_1SDV_20260807T110511_20260807T110536_004019_0074F3_rtc,882,-6.284,-12.862,-6.578,0.721,
