lo_id,area_ha,ndvi_2026-07-18,ndvi_2026-07-26,ndvi_2026-08-10,ndvi_change,loai
L01,1.6579,0.429,0.469,0.573,0.144,Sinh trưởng đều
L02,1.0886,0.176,0.291,0.648,0.472,Bật xanh mạnh — mới gieo/tái sinh
L03,0.7729,0.81,0.776,0.79,-0.02,Tán dày ổn định — cây lâu năm/vườn
L04,0.6394,0.883,0.838,0.844,-0.039,Tán dày ổn định — cây lâu năm/vườn
L05,0.4171,0.287,0.692,0.364,0.077,"Che phủ thưa / đất trống, công trình"
L06,0.3788,0.285,0.396,0.333,0.048,"Che phủ thưa / đất trống, công trình"
L07,0.3299,0.84,0.801,0.81,-0.03,Tán dày ổn định — cây lâu năm/vườn
L08,0.3186,0.295,0.367,0.607,0.312,Bật xanh mạnh — mới gieo/tái sinh
L09,0.3178,0.215,0.355,0.706,0.491,Bật xanh mạnh — mới gieo/tái sinh
L10,0.2553,0.4,0.445,0.503,0.103,"Che phủ thưa / đất trống, công trình"
L11,0.2485,0.924,0.867,0.869,-0.055,Tán dày ổn định — cây lâu năm/vườn
L12,0.1825,0.627,0.621,0.692,0.065,Sinh trưởng đều
L13,0.1762,0.489,0.49,0.578,0.089,Sinh trưởng đều
L14,0.1625,0.768,0.73,0.756,-0.012,Tán dày ổn định — cây lâu năm/vườn
L15,0.1582,0.838,0.781,0.787,-0.051,Tán dày ổn định — cây lâu năm/vườn
L16,0.1369,0.518,0.57,0.691,0.173,Sinh trưởng đều
L17,0.1335,0.206,,0.286,0.08,"Che phủ thưa / đất trống, công trình"
L18,0.1287,0.273,0.324,0.358,0.085,"Che phủ thưa / đất trống, công trình"
L19,0.1157,0.36,0.333,0.381,0.021,"Che phủ thưa / đất trống, công trình"
L20,0.106,0.726,0.685,0.718,-0.008,Sinh trưởng đều
L21,0.1044,0.463,0.492,0.601,0.138,Sinh trưởng đều
L22,0.0952,0.447,0.456,0.474,0.027,"Che phủ thưa / đất trống, công trình"
L23,0.0925,0.742,0.745,0.711,-0.031,Sinh trưởng đều
L24,0.09,0.274,0.437,0.708,0.434,Bật xanh mạnh — mới gieo/tái sinh
L25,0.0887,0.603,0.564,0.574,-0.029,Sinh trưởng đều
L26,0.0859,0.747,0.626,0.697,-0.05,Sinh trưởng đều
L27,0.0839,0.367,0.379,0.396,0.029,"Che phủ thưa / đất trống, công trình"
L28,0.0837,0.628,0.613,0.638,0.01,Sinh trưởng đều
L29,0.0805,0.558,0.467,0.468,-0.09,"Che phủ thưa / đất trống, công trình"
L30,0.0779,0.429,0.432,0.464,0.035,"Che phủ thưa / đất trống, công trình"
L31,0.0694,0.63,0.655,0.626,-0.004,Sinh trưởng đều
L32,0.0659,0.915,0.854,0.865,-0.05,Tán dày ổn định — cây lâu năm/vườn
L33,0.0637,0.551,0.547,0.55,-0.001,Sinh trưởng đều
L34,0.0617,0.803,0.734,0.759,-0.044,Tán dày ổn định — cây lâu năm/vườn
L35,0.0613,0.521,0.484,0.501,-0.02,"Che phủ thưa / đất trống, công trình"
L36,0.0609,0.49,0.502,0.515,0.025,"Che phủ thưa / đất trống, công trình"
L37,0.0609,0.892,0.831,0.841,-0.051,Tán dày ổn định — cây lâu năm/vườn
L38,0.0602,0.264,0.315,0.377,0.113,"Che phủ thưa / đất trống, công trình"
L39,0.0582,0.831,0.763,0.769,-0.062,Tán dày ổn định — cây lâu năm/vườn
L40,0.0572,0.66,0.651,0.641,-0.019,Sinh trưởng đều
L41,0.0571,0.862,0.758,0.784,-0.078,Tán dày ổn định — cây lâu năm/vườn
L42,0.0559,0.484,,0.498,0.014,"Che phủ thưa / đất trống, công trình"
L43,0.055,0.234,0.297,0.395,0.161,"Che phủ thưa / đất trống, công trình"
L44,0.0547,0.231,0.355,0.63,0.399,Bật xanh mạnh — mới gieo/tái sinh
L45,0.0538,0.916,0.866,0.869,-0.047,Tán dày ổn định — cây lâu năm/vườn
L46,0.0524,0.324,0.371,0.508,0.184,"Che phủ thưa / đất trống, công trình"
L47,0.0523,0.469,0.47,0.558,0.089,Sinh trưởng đều
L48,0.0507,0.761,0.746,0.71,-0.051,Sinh trưởng đều
L49,0.0478,0.846,0.796,0.836,-0.01,Tán dày ổn định — cây lâu năm/vườn
L50,0.0478,0.402,0.44,0.612,0.21,Sinh trưởng đều
L51,0.0465,0.092,0.199,0.592,0.5,Bật xanh mạnh — mới gieo/tái sinh
L52,0.045,0.609,0.547,0.572,-0.037,Sinh trưởng đều
L53,0.0438,0.932,0.882,0.886,-0.046,Tán dày ổn định — cây lâu năm/vườn
L54,0.0435,0.928,0.872,0.878,-0.05,Tán dày ổn định — cây lâu năm/vườn
L55,0.0418,0.872,0.826,0.835,-0.037,Tán dày ổn định — cây lâu năm/vườn
L56,0.0414,0.788,0.734,0.766,-0.022,Tán dày ổn định — cây lâu năm/vườn
L57,0.0389,0.485,0.481,0.597,0.112,Sinh trưởng đều
L58,0.0385,0.502,0.533,0.561,0.059,Sinh trưởng đều
L59,0.0374,0.873,0.806,0.803,-0.07,Tán dày ổn định — cây lâu năm/vườn
L60,0.0373,0.427,,0.465,0.038,"Che phủ thưa / đất trống, công trình"
L61,0.0367,0.756,0.652,0.658,-0.098,Sinh trưởng đều
L62,0.0355,0.591,0.573,0.606,0.015,Sinh trưởng đều
L63,0.0355,0.484,0.485,0.518,0.034,"Che phủ thưa / đất trống, công trình"
L64,0.0339,0.673,0.636,0.588,-0.085,Sinh trưởng đều
L65,0.0337,0.77,0.731,0.766,-0.004,Tán dày ổn định — cây lâu năm/vườn
L66,0.0323,0.145,0.274,0.595,0.45,Bật xanh mạnh — mới gieo/tái sinh
L67,0.0308,0.936,0.883,0.877,-0.059,Tán dày ổn định — cây lâu năm/vườn
L68,0.0305,0.379,0.352,0.364,-0.015,"Che phủ thưa / đất trống, công trình"
L69,0.0303,0.878,0.822,0.821,-0.057,Tán dày ổn định — cây lâu năm/vườn
L70,0.0285,0.049,,0.15,0.101,"Che phủ thưa / đất trống, công trình"
L71,0.028,0.419,0.452,0.554,0.135,Sinh trưởng đều
L72,0.0267,0.876,0.811,0.845,-0.031,Tán dày ổn định — cây lâu năm/vườn
L73,0.026,0.462,0.446,0.471,0.009,"Che phủ thưa / đất trống, công trình"
